run_id,job_id,variant,solver,instance,size,instance_index,seed,completed,error,result_status,result_primal_bound,result_dual_bound,result_gap,result_solving_time,result_node_count,result_rmp_solves,result_pricing_calls,result_label_pops,result_generated_labels,result_cuts_added,result_schedule_nogood_cuts_added,result_schedule_capacity_cuts_added,result_crossing_cuts_added,metric_time_to_first_incumbent,metric_time_to_best_incumbent,metric_root_pricing_events,worker_wall_time,result_branch_heuristic_candidates_tested,result_branch_heuristic_test_pricing_calls,result_branch_heuristic_test_rmp_solves,result_branch_lp_candidates_tested,result_branch_lp_test_rmp_solves,result_branch_nodes,result_branch_testing_time,result_crossing_cuts_upgraded,result_cuts_purged,result_exact_pricing_calls,result_generated_columns,result_generated_routes,result_incumbent_node,result_instance,result_instance_path,result_log_path,result_resource_lower_bound_cuts_added,result_robust_capacity_cuts_added,result_root_relaxation,result_seed,result_sortie_count,result_task_count,result_vehicle_count,metric_best_incumbent_from_log,metric_branch_arc_count,metric_branch_rf_count,metric_branch_task_vehicle_count,metric_branch_vehicle_count,metric_crossing_cut_events,metric_root_last_pricing_time,metric_schedule_capacity_cut_events,metric_schedule_nogood_cut_events,metric_total_pricing_generated_labels,metric_total_pricing_label_pops,path_log_path,path_solution_path,path_terminal_log_path,result_branch_relevant_routes_kept,result_diverse_routes_kept,result_dssr_certificate_from_relaxation,result_dssr_iterations,result_dssr_memory_size,result_dssr_non_elementary_negative,result_exact_pricing_best_rc,result_exact_pricing_called,result_exact_pricing_exhausted,result_exact_pricing_time,result_full_memory_fallback_called,result_heuristic_degradation_skips,result_historical_routes_kept,result_low_cbar_routes_kept,result_manual_rc_check_max_error,result_master_cover_mode,result_master_type,result_micro_routes_kept,result_ng_dssr_max_ng_size,result_per_task_routes_kept,result_phase_switch_count,result_pool_scan_columns_found,result_pool_scan_time,result_pricing_certificate_layer,result_pricing_queue_peak,result_restricted_master_integer_best_objective,result_restricted_master_integer_calls,result_restricted_master_integer_feasible,result_restricted_master_integer_time,result_route_pool_size,result_route_size_bucket_routes_kept,result_schedule_dp_best_rc,result_schedule_dp_calls,result_schedule_dp_exhausted,result_schedule_dp_labels_created,result_schedule_dp_labels_pruned_by_beam,result_schedule_dp_labels_pruned_by_subset_dominance,result_schedule_dp_negative_schedules_found,result_schedule_dp_time,result_solution_path,result_sortie_limit,result_time_flexible_routes_kept,result_vehicle_lb_dual_effective_value
20260513_224021_benchmark_10_20_30,bpc_clean_full__bench_10_01,bpc_clean_full,bpc_clean,bench_10_01,10,1,20261601,True,,OPTIMAL,169.567191,169.567191,0.0,7.542863,3,14,11,175741,175730,2,0,0,2,0.903369,0.903369,7,7.616233,3,11,11,6,12,1,0.546654,0,0,11,535,535,0,bench_10_01,/home/kai/work/gnn_bb/branchpricecut/results/benchmark/20260513_224021_benchmark_10_20_30/instances/instance_bench_10_01.json,/home/kai/work/gnn_bb/branchpricecut/results/benchmark/20260513_224021_benchmark_10_20_30/logs/bpc_clean_full/bench_10_01.jsonl,0,2,168.90188,20260511,10,10,1,169.567191,0,1,0,0,2,3.509532,0,0,175730,175741,/home/kai/work/gnn_bb/branchpricecut/results/benchmark/20260513_224021_benchmark_10_20_30/logs/bpc_clean_full/bench_10_01.jsonl,/home/kai/work/gnn_bb/branchpricecut/results/benchmark/20260513_224021_benchmark_10_20_30/solutions/bpc_clean_full/solution_bench_10_01.json,/home/kai/work/gnn_bb/branchpricecut/results/benchmark/20260513_224021_benchmark_10_20_30/terminal/bpc_clean_full__bench_10_01.log,,,,,,,,,,,,,,,,,,,,,,,,,,,,,,,,,,,,,,,,,,,
20260513_224021_benchmark_10_20_30,bpc_clean_full__bench_10_02,bpc_clean_full,bpc_clean,bench_10_02,10,2,20261602,True,,OPTIMAL,174.248064,174.248064,0.0,4.125817,2,10,8,98152,98144,3,1,0,2,0.680749,4.125674,8,4.2113,0,0,0,0,0,1,0.0,0,0,8,838,838,0,bench_10_02,/home/kai/work/gnn_bb/branchpricecut/results/benchmark/20260513_224021_benchmark_10_20_30/instances/instance_bench_10_02.json,/home/kai/work/gnn_bb/branchpricecut/results/benchmark/20260513_224021_benchmark_10_20_30/logs/bpc_clean_full/bench_10_02.jsonl,0,2,174.248064,20260511,10,10,1,174.248064,0,0,0,0,2,4.120131,0,1,98144,98152,/home/kai/work/gnn_bb/branchpricecut/results/benchmark/20260513_224021_benchmark_10_20_30/logs/bpc_clean_full/bench_10_02.jsonl,/home/kai/work/gnn_bb/branchpricecut/results/benchmark/20260513_224021_benchmark_10_20_30/solutions/bpc_clean_full/solution_bench_10_02.json,/home/kai/work/gnn_bb/branchpricecut/results/benchmark/20260513_224021_benchmark_10_20_30/terminal/bpc_clean_full__bench_10_02.log,,,,,,,,,,,,,,,,,,,,,,,,,,,,,,,,,,,,,,,,,,,
20260513_224021_benchmark_10_20_30,bpc_clean_full__bench_10_03,bpc_clean_full,bpc_clean,bench_10_03,10,3,20261603,True,,OPTIMAL,168.145867,168.145867,0.0,18.650187,12,35,23,362075,362052,3,2,0,1,1.090995,18.650057,6,18.729038,24,85,87,80,160,10,5.269419,0,0,23,722,722,15,bench_10_03,/home/kai/work/gnn_bb/branchpricecut/results/benchmark/20260513_224021_benchmark_10_20_30/instances/instance_bench_10_03.json,/home/kai/work/gnn_bb/branchpricecut/results/benchmark/20260513_224021_benchmark_10_20_30/logs/bpc_clean_full/bench_10_03.jsonl,0,1,167.585125,20260511,10,10,1,168.145867,4,4,0,0,1,3.44765,0,2,362052,362075,/home/kai/work/gnn_bb/branchpricecut/results/benchmark/20260513_224021_benchmark_10_20_30/logs/bpc_clean_full/bench_10_03.jsonl,/home/kai/work/gnn_bb/branchpricecut/results/benchmark/20260513_224021_benchmark_10_20_30/solutions/bpc_clean_full/solution_bench_10_03.json,/home/kai/work/gnn_bb/branchpricecut/results/benchmark/20260513_224021_benchmark_10_20_30/terminal/bpc_clean_full__bench_10_03.log,,,,,,,,,,,,,,,,,,,,,,,,,,,,,,,,,,,,,,,,,,,
20260513_224021_benchmark_10_20_30,bpc_clean_full__bench_10_04,bpc_clean_full,bpc_clean,bench_10_04,10,4,20261604,True,,OPTIMAL,175.511947,175.511947,0.0,3.418548,2,11,9,99837,99828,3,1,0,2,0.078338,3.41848,9,3.493725,0,0,0,0,0,1,0.0,0,0,9,649,649,0,bench_10_04,/home/kai/work/gnn_bb/branchpricecut/results/benchmark/20260513_224021_benchmark_10_20_30/instances/instance_bench_10_04.json,/home/kai/work/gnn_bb/branchpricecut/results/benchmark/20260513_224021_benchmark_10_20_30/logs/bpc_clean_full/bench_10_04.jsonl,0,2,175.511947,20260511,10,10,1,175.511947,0,0,0,0,2,3.41357,0,1,99828,99837,/home/kai/work/gnn_bb/branchpricecut/results/benchmark/20260513_224021_benchmark_10_20_30/logs/bpc_clean_full/bench_10_04.jsonl,/home/kai/work/gnn_bb/branchpricecut/results/benchmark/20260513_224021_benchmark_10_20_30/solutions/bpc_clean_full/solution_bench_10_04.json,/home/kai/work/gnn_bb/branchpricecut/results/benchmark/20260513_224021_benchmark_10_20_30/terminal/bpc_clean_full__bench_10_04.log,,,,,,,,,,,,,,,,,,,,,,,,,,,,,,,,,,,,,,,,,,,
20260513_224021_benchmark_10_20_30,bpc_clean_full__bench_10_05,bpc_clean_full,bpc_clean,bench_10_05,10,5,20261605,True,,OPTIMAL,170.415006,170.415006,0.0,77.836871,128,293,165,2365406,2365241,41,39,0,2,0.488834,67.212121,8,77.944647,138,330,332,350,700,85,16.185797,0,0,165,1599,1599,49,bench_10_05,/home/kai/work/gnn_bb/branchpricecut/results/benchmark/20260513_224021_benchmark_10_20_30/instances/instance_bench_10_05.json,/home/kai/work/gnn_bb/branchpricecut/results/benchmark/20260513_224021_benchmark_10_20_30/logs/bpc_clean_full/bench_10_05.jsonl,0,2,168.517608,20260511,10,10,1,170.415006,20,26,0,0,2,3.819402,0,39,2365241,2365406,/home/kai/work/gnn_bb/branchpricecut/results/benchmark/20260513_224021_benchmark_10_20_30/logs/bpc_clean_full/bench_10_05.jsonl,/home/kai/work/gnn_bb/branchpricecut/results/benchmark/20260513_224021_benchmark_10_20_30/solutions/bpc_clean_full/solution_bench_10_05.json,/home/kai/work/gnn_bb/branchpricecut/results/benchmark/20260513_224021_benchmark_10_20_30/terminal/bpc_clean_full__bench_10_05.log,,,,,,,,,,,,,,,,,,,,,,,,,,,,,,,,,,,,,,,,,,,
20260513_224021_benchmark_10_20_30,bpc_clean_full__bench_10_06,bpc_clean_full,bpc_clean,bench_10_06,10,6,20261606,True,,OPTIMAL,178.319126,178.319126,0.0,151.464892,400,892,491,2491760,2491269,145,141,0,5,0.082919,15.570069,8,151.589786,390,996,1000,855,1710,271,63.636527,0,1,491,1612,1612,14,bench_10_06,/home/kai/work/gnn_bb/branchpricecut/results/benchmark/20260513_224021_benchmark_10_20_30/instances/instance_bench_10_06.json,/home/kai/work/gnn_bb/branchpricecut/results/benchmark/20260513_224021_benchmark_10_20_30/logs/bpc_clean_full/bench_10_06.jsonl,0,5,175.493312,20260511,10,10,1,178.319126,72,58,0,0,5,2.564554,0,141,2491269,2491760,/home/kai/work/gnn_bb/branchpricecut/results/benchmark/20260513_224021_benchmark_10_20_30/logs/bpc_clean_full/bench_10_06.jsonl,/home/kai/work/gnn_bb/branchpricecut/results/benchmark/20260513_224021_benchmark_10_20_30/solutions/bpc_clean_full/solution_bench_10_06.json,/home/kai/work/gnn_bb/branchpricecut/results/benchmark/20260513_224021_benchmark_10_20_30/terminal/bpc_clean_full__bench_10_06.log,,,,,,,,,,,,,,,,,,,,,,,,,,,,,,,,,,,,,,,,,,,
20260513_224021_benchmark_10_20_30,bpc_clean_full__bench_10_07,bpc_clean_full,bpc_clean,bench_10_07,10,7,20261607,True,,OPTIMAL,168.880473,168.880473,0.0,11.665464,7,23,16,240542,240526,3,0,0,3,1.626161,1.626161,9,11.744677,9,27,28,29,58,3,2.158885,0,0,16,716,716,0,bench_10_07,/home/kai/work/gnn_bb/branchpricecut/results/benchmark/20260513_224021_benchmark_10_20_30/instances/instance_bench_10_07.json,/home/kai/work/gnn_bb/branchpricecut/results/benchmark/20260513_224021_benchmark_10_20_30/logs/bpc_clean_full/bench_10_07.jsonl,0,3,168.443284,20260511,10,10,1,168.880473,2,1,0,0,3,5.130752,0,0,240526,240542,/home/kai/work/gnn_bb/branchpricecut/results/benchmark/20260513_224021_benchmark_10_20_30/logs/bpc_clean_full/bench_10_07.jsonl,/home/kai/work/gnn_bb/branchpricecut/results/benchmark/20260513_224021_benchmark_10_20_30/solutions/bpc_clean_full/solution_bench_10_07.json,/home/kai/work/gnn_bb/branchpricecut/results/benchmark/20260513_224021_benchmark_10_20_30/terminal/bpc_clean_full__bench_10_07.log,,,,,,,,,,,,,,,,,,,,,,,,,,,,,,,,,,,,,,,,,,,
20260513_224021_benchmark_10_20_30,bpc_clean_full__bench_10_08,bpc_clean_full,bpc_clean,bench_10_08,10,8,20261608,True,,OPTIMAL,174.667555,174.667555,0.0,10.557201,9,28,19,246789,246770,0,0,0,0,1.107149,1.107149,5,10.643148,12,48,48,32,64,4,1.982469,0,0,19,939,939,0,bench_10_08,/home/kai/work/gnn_bb/branchpricecut/results/benchmark/20260513_224021_benchmark_10_20_30/instances/instance_bench_10_08.json,/home/kai/work/gnn_bb/branchpricecut/results/benchmark/20260513_224021_benchmark_10_20_30/logs/bpc_clean_full/bench_10_08.jsonl,0,0,173.467425,20260511,10,10,1,174.667555,1,3,0,0,0,2.771035,0,0,246770,246789,/home/kai/work/gnn_bb/branchpricecut/results/benchmark/20260513_224021_benchmark_10_20_30/logs/bpc_clean_full/bench_10_08.jsonl,/home/kai/work/gnn_bb/branchpricecut/results/benchmark/20260513_224021_benchmark_10_20_30/solutions/bpc_clean_full/solution_bench_10_08.json,/home/kai/work/gnn_bb/branchpricecut/results/benchmark/20260513_224021_benchmark_10_20_30/terminal/bpc_clean_full__bench_10_08.log,,,,,,,,,,,,,,,,,,,,,,,,,,,,,,,,,,,,,,,,,,,
20260513_224021_benchmark_10_20_30,bpc_clean_full__bench_10_09,bpc_clean_full,bpc_clean,bench_10_09,10,9,20261609,True,,OPTIMAL,176.243615,176.243615,0.0,9.176155,7,23,16,179949,179933,3,0,0,3,0.710763,0.710763,8,9.251388,9,28,28,29,58,3,2.275776,0,0,16,636,636,0,bench_10_09,/home/kai/work/gnn_bb/branchpricecut/results/benchmark/20260513_224021_benchmark_10_20_30/instances/instance_bench_10_09.json,/home/kai/work/gnn_bb/branchpricecut/results/benchmark/20260513_224021_benchmark_10_20_30/logs/bpc_clean_full/bench_10_09.jsonl,0,3,175.649054,20260511,10,10,1,176.243615,2,1,0,0,3,2.968687,0,0,179933,179949,/home/kai/work/gnn_bb/branchpricecut/results/benchmark/20260513_224021_benchmark_10_20_30/logs/bpc_clean_full/bench_10_09.jsonl,/home/kai/work/gnn_bb/branchpricecut/results/benchmark/20260513_224021_benchmark_10_20_30/solutions/bpc_clean_full/solution_bench_10_09.json,/home/kai/work/gnn_bb/branchpricecut/results/benchmark/20260513_224021_benchmark_10_20_30/terminal/bpc_clean_full__bench_10_09.log,,,,,,,,,,,,,,,,,,,,,,,,,,,,,,,,,,,,,,,,,,,
20260513_224021_benchmark_10_20_30,bpc_clean_full__bench_10_10,bpc_clean_full,bpc_clean,bench_10_10,10,10,20261610,True,,OPTIMAL,168.790059,168.790059,0.0,10.909244,5,19,14,214090,214076,3,0,0,3,1.020221,9.796672,6,10.992259,9,30,30,26,52,3,1.613351,0,0,14,698,698,5,bench_10_10,/home/kai/work/gnn_bb/branchpricecut/results/benchmark/20260513_224021_benchmark_10_20_30/instances/instance_bench_10_10.json,/home/kai/work/gnn_bb/branchpricecut/results/benchmark/20260513_224021_benchmark_10_20_30/logs/bpc_clean_full/bench_10_10.jsonl,0,3,168.531288,20260511,10,10,1,168.790059,0,3,0,0,3,3.518437,0,0,214076,214090,/home/kai/work/gnn_bb/branchpricecut/results/benchmark/20260513_224021_benchmark_10_20_30/logs/bpc_clean_full/bench_10_10.jsonl,/home/kai/work/gnn_bb/branchpricecut/results/benchmark/20260513_224021_benchmark_10_20_30/solutions/bpc_clean_full/solution_bench_10_10.json,/home/kai/work/gnn_bb/branchpricecut/results/benchmark/20260513_224021_benchmark_10_20_30/terminal/bpc_clean_full__bench_10_10.log,,,,,,,,,,,,,,,,,,,,,,,,,,,,,,,,,,,,,,,,,,,
20260513_224021_benchmark_10_20_30,bpc_clean_full__bench_20_01,bpc_clean_full,bpc_clean,bench_20_01,20,1,20262601,True,,TIME_LIMIT,328.04715,225.761901,0.3118,3674.799612,2,23,21,78748890,78748848,11,0,0,11,19.85535,19.85535,15,3674.935408,6,6,6,12,24,2,3.693787,0,0,21,3382,1691,0,bench_20_01,/home/kai/work/gnn_bb/branchpricecut/results/benchmark/20260513_224021_benchmark_10_20_30/instances/instance_bench_20_01.json,/home/kai/work/gnn_bb/branchpricecut/results/benchmark/20260513_224021_benchmark_10_20_30/logs/bpc_clean_full/bench_20_01.jsonl,0,11,225.761901,20260511,20,20,2,328.04715,0,1,1,0,11,2721.557521,0,0,78748848,78748890,/home/kai/work/gnn_bb/branchpricecut/results/benchmark/20260513_224021_benchmark_10_20_30/logs/bpc_clean_full/bench_20_01.jsonl,/home/kai/work/gnn_bb/branchpricecut/results/benchmark/20260513_224021_benchmark_10_20_30/solutions/bpc_clean_full/solution_bench_20_01.json,/home/kai/work/gnn_bb/branchpricecut/results/benchmark/20260513_224021_benchmark_10_20_30/terminal/bpc_clean_full__bench_20_01.log,,,,,,,,,,,,,,,,,,,,,,,,,,,,,,,,,,,,,,,,,,,
20260513_224021_benchmark_10_20_30,bpc_clean_full__bench_20_02,bpc_clean_full,bpc_clean,bench_20_02,20,2,20262602,True,,TIME_LIMIT,329.979902,228.39887,0.30784,3717.943748,2,23,21,81672992,81672950,10,0,0,10,34.811624,34.811624,17,3718.085836,6,12,14,15,30,2,6.484715,0,0,21,3746,1873,0,bench_20_02,/home/kai/work/gnn_bb/branchpricecut/results/benchmark/20260513_224021_benchmark_10_20_30/instances/instance_bench_20_02.json,/home/kai/work/gnn_bb/branchpricecut/results/benchmark/20260513_224021_benchmark_10_20_30/logs/bpc_clean_full/bench_20_02.jsonl,0,10,228.39887,20260511,20,20,2,329.979902,0,2,0,0,10,2899.311075,0,0,81672950,81672992,/home/kai/work/gnn_bb/branchpricecut/results/benchmark/20260513_224021_benchmark_10_20_30/logs/bpc_clean_full/bench_20_02.jsonl,/home/kai/work/gnn_bb/branchpricecut/results/benchmark/20260513_224021_benchmark_10_20_30/solutions/bpc_clean_full/solution_bench_20_02.json,/home/kai/work/gnn_bb/branchpricecut/results/benchmark/20260513_224021_benchmark_10_20_30/terminal/bpc_clean_full__bench_20_02.log,,,,,,,,,,,,,,,,,,,,,,,,,,,,,,,,,,,,,,,,,,,
20260513_224021_benchmark_10_20_30,bpc_clean_full__bench_20_03,bpc_clean_full,bpc_clean,bench_20_03,20,3,20262603,True,,TIME_LIMIT,335.555995,231.001766,0.311585,3684.065426,5,25,20,83477816,83477776,8,0,0,8,19.925544,19.925544,13,3684.211745,15,31,31,48,96,5,12.292428,0,0,20,3990,1995,0,bench_20_03,/home/kai/work/gnn_bb/branchpricecut/results/benchmark/20260513_224021_benchmark_10_20_30/instances/instance_bench_20_03.json,/home/kai/work/gnn_bb/branchpricecut/results/benchmark/20260513_224021_benchmark_10_20_30/logs/bpc_clean_full/bench_20_03.jsonl,0,8,230.564696,20260511,20,20,2,335.555995,0,4,1,0,8,2283.962744,0,0,83477776,83477816,/home/kai/work/gnn_bb/branchpricecut/results/benchmark/20260513_224021_benchmark_10_20_30/logs/bpc_clean_full/bench_20_03.jsonl,/home/kai/work/gnn_bb/branchpricecut/results/benchmark/20260513_224021_benchmark_10_20_30/solutions/bpc_clean_full/solution_bench_20_03.json,/home/kai/work/gnn_bb/branchpricecut/results/benchmark/20260513_224021_benchmark_10_20_30/terminal/bpc_clean_full__bench_20_03.log,,,,,,,,,,,,,,,,,,,,,,,,,,,,,,,,,,,,,,,,,,,
20260513_224021_benchmark_10_20_30,bpc_clean_full__bench_20_04,bpc_clean_full,bpc_clean,bench_20_04,20,4,20262604,True,,TIME_LIMIT,341.181241,234.725998,0.31202,3695.095476,8,42,34,81010138,81010070,9,0,0,9,21.541003,21.541003,17,3695.356682,24,64,65,78,156,8,29.325421,0,0,34,4676,2338,0,bench_20_04,/home/kai/work/gnn_bb/branchpricecut/results/benchmark/20260513_224021_benchmark_10_20_30/instances/instance_bench_20_04.json,/home/kai/work/gnn_bb/branchpricecut/results/benchmark/20260513_224021_benchmark_10_20_30/logs/bpc_clean_full/bench_20_04.jsonl,0,9,234.348542,20260511,20,20,2,341.181241,0,7,1,0,9,2014.65368,0,0,81010070,81010138,/home/kai/work/gnn_bb/branchpricecut/results/benchmark/20260513_224021_benchmark_10_20_30/logs/bpc_clean_full/bench_20_04.jsonl,/home/kai/work/gnn_bb/branchpricecut/results/benchmark/20260513_224021_benchmark_10_20_30/solutions/bpc_clean_full/solution_bench_20_04.json,/home/kai/work/gnn_bb/branchpricecut/results/benchmark/20260513_224021_benchmark_10_20_30/terminal/bpc_clean_full__bench_20_04.log,,,,,,,,,,,,,,,,,,,,,,,,,,,,,,,,,,,,,,,,,,,
20260513_224021_benchmark_10_20_30,bpc_clean_full__bench_20_05,bpc_clean_full,bpc_clean,bench_20_05,20,5,20262605,True,,TIME_LIMIT,348.527759,243.173905,0.302283,3616.674562,8,38,30,71418845,71418785,5,0,0,5,21.514878,21.514878,14,3616.875243,24,61,61,88,176,8,28.866411,0,0,30,3708,1854,0,bench_20_05,/home/kai/work/gnn_bb/branchpricecut/results/benchmark/20260513_224021_benchmark_10_20_30/instances/instance_bench_20_05.json,/home/kai/work/gnn_bb/branchpricecut/results/benchmark/20260513_224021_benchmark_10_20_30/logs/bpc_clean_full/bench_20_05.jsonl,0,5,242.790002,20260511,20,20,2,348.527759,2,3,3,0,5,1438.48298,0,0,71418785,71418845,/home/kai/work/gnn_bb/branchpricecut/results/benchmark/20260513_224021_benchmark_10_20_30/logs/bpc_clean_full/bench_20_05.jsonl,/home/kai/work/gnn_bb/branchpricecut/results/benchmark/20260513_224021_benchmark_10_20_30/solutions/bpc_clean_full/solution_bench_20_05.json,/home/kai/work/gnn_bb/branchpricecut/results/benchmark/20260513_224021_benchmark_10_20_30/terminal/bpc_clean_full__bench_20_05.log,,,,,,,,,,,,,,,,,,,,,,,,,,,,,,,,,,,,,,,,,,,
20260513_224021_benchmark_10_20_30,bpc_clean_full__bench_20_06,bpc_clean_full,bpc_clean,bench_20_06,20,6,20262606,True,,TIME_LIMIT,329.244699,226.472968,0.312144,3717.281698,1,22,21,79323510,79323468,13,0,0,13,18.808609,18.808609,21,3717.489729,3,0,0,6,12,1,1.489249,0,0,21,3230,1615,0,bench_20_06,/home/kai/work/gnn_bb/branchpricecut/results/benchmark/20260513_224021_benchmark_10_20_30/instances/instance_bench_20_06.json,/home/kai/work/gnn_bb/branchpricecut/results/benchmark/20260513_224021_benchmark_10_20_30/logs/bpc_clean_full/bench_20_06.jsonl,0,13,226.472968,20260511,20,20,2,329.244699,0,1,0,0,13,3660.297165,0,0,79323468,79323510,/home/kai/work/gnn_bb/branchpricecut/results/benchmark/20260513_224021_benchmark_10_20_30/logs/bpc_clean_full/bench_20_06.jsonl,/home/kai/work/gnn_bb/branchpricecut/results/benchmark/20260513_224021_benchmark_10_20_30/solutions/bpc_clean_full/solution_bench_20_06.json,/home/kai/work/gnn_bb/branchpricecut/results/benchmark/20260513_224021_benchmark_10_20_30/terminal/bpc_clean_full__bench_20_06.log,,,,,,,,,,,,,,,,,,,,,,,,,,,,,,,,,,,,,,,,,,,
20260513_224021_benchmark_10_20_30,bpc_clean_full__bench_20_07,bpc_clean_full,bpc_clean,bench_20_07,20,7,20262607,True,,TIME_LIMIT,329.597104,228.870103,0.305606,3622.885012,4,28,24,82469945,82469897,5,0,0,5,33.723038,33.723038,16,3623.063674,12,22,23,38,76,4,10.977325,0,0,24,3758,1879,0,bench_20_07,/home/kai/work/gnn_bb/branchpricecut/results/benchmark/20260513_224021_benchmark_10_20_30/instances/instance_bench_20_07.json,/home/kai/work/gnn_bb/branchpricecut/results/benchmark/20260513_224021_benchmark_10_20_30/logs/bpc_clean_full/bench_20_07.jsonl,0,5,228.801788,20260511,20,20,2,329.597104,1,1,2,0,5,2370.576851,0,0,82469897,82469945,/home/kai/work/gnn_bb/branchpricecut/results/benchmark/20260513_224021_benchmark_10_20_30/logs/bpc_clean_full/bench_20_07.jsonl,/home/kai/work/gnn_bb/branchpricecut/results/benchmark/20260513_224021_benchmark_10_20_30/solutions/bpc_clean_full/solution_bench_20_07.json,/home/kai/work/gnn_bb/branchpricecut/results/benchmark/20260513_224021_benchmark_10_20_30/terminal/bpc_clean_full__bench_20_07.log,,,,,,,,,,,,,,,,,,,,,,,,,,,,,,,,,,,,,,,,,,,
20260513_224021_benchmark_10_20_30,bpc_clean_full__bench_20_08,bpc_clean_full,bpc_clean,bench_20_08,20,8,20262608,True,,TIME_LIMIT,338.688506,234.519741,0.307565,3631.247991,3,26,23,81871548,81871502,5,0,0,5,34.742427,34.742427,18,3631.432363,9,17,17,23,46,3,8.847044,0,0,23,4458,2229,0,bench_20_08,/home/kai/work/gnn_bb/branchpricecut/results/benchmark/20260513_224021_benchmark_10_20_30/instances/instance_bench_20_08.json,/home/kai/work/gnn_bb/branchpricecut/results/benchmark/20260513_224021_benchmark_10_20_30/logs/bpc_clean_full/bench_20_08.jsonl,0,5,234.519741,20260511,20,20,2,338.688506,0,2,1,0,5,2726.252184,0,0,81871502,81871548,/home/kai/work/gnn_bb/branchpricecut/results/benchmark/20260513_224021_benchmark_10_20_30/logs/bpc_clean_full/bench_20_08.jsonl,/home/kai/work/gnn_bb/branchpricecut/results/benchmark/20260513_224021_benchmark_10_20_30/solutions/bpc_clean_full/solution_bench_20_08.json,/home/kai/work/gnn_bb/branchpricecut/results/benchmark/20260513_224021_benchmark_10_20_30/terminal/bpc_clean_full__bench_20_08.log,,,,,,,,,,,,,,,,,,,,,,,,,,,,,,,,,,,,,,,,,,,
20260513_224021_benchmark_10_20_30,bpc_clean_full__bench_20_09,bpc_clean_full,bpc_clean,bench_20_09,20,9,20262609,True,,TIME_LIMIT,342.453411,242.453411,0.292011,3684.091121,7,47,40,77797060,77796980,10,2,0,8,26.695283,3246.163803,15,3684.251388,18,47,47,59,118,7,17.771709,0,0,40,4566,2283,7,bench_20_09,/home/kai/work/gnn_bb/branchpricecut/results/benchmark/20260513_224021_benchmark_10_20_30/instances/instance_bench_20_09.json,/home/kai/work/gnn_bb/branchpricecut/results/benchmark/20260513_224021_benchmark_10_20_30/logs/bpc_clean_full/bench_20_09.jsonl,0,8,241.848149,20260511,20,20,2,342.453411,0,5,1,0,8,1393.601009,0,2,77796980,77797060,/home/kai/work/gnn_bb/branchpricecut/results/benchmark/20260513_224021_benchmark_10_20_30/logs/bpc_clean_full/bench_20_09.jsonl,/home/kai/work/gnn_bb/branchpricecut/results/benchmark/20260513_224021_benchmark_10_20_30/solutions/bpc_clean_full/solution_bench_20_09.json,/home/kai/work/gnn_bb/branchpricecut/results/benchmark/20260513_224021_benchmark_10_20_30/terminal/bpc_clean_full__bench_20_09.log,,,,,,,,,,,,,,,,,,,,,,,,,,,,,,,,,,,,,,,,,,,
20260513_224021_benchmark_10_20_30,bpc_clean_full__bench_20_10,bpc_clean_full,bpc_clean,bench_20_10,20,10,20262610,True,,TIME_LIMIT,328.698918,227.321756,0.30842,3791.316129,2,20,18,87533960,87533924,5,0,0,5,33.638241,33.638241,16,3791.465373,6,14,14,14,28,2,4.901297,0,0,18,3262,1631,0,bench_20_10,/home/kai/work/gnn_bb/branchpricecut/results/benchmark/20260513_224021_benchmark_10_20_30/instances/instance_bench_20_10.json,/home/kai/work/gnn_bb/branchpricecut/results/benchmark/20260513_224021_benchmark_10_20_30/logs/bpc_clean_full/bench_20_10.jsonl,0,5,227.321756,20260511,20,20,2,328.698918,1,0,1,0,5,3309.943188,0,0,87533924,87533960,/home/kai/work/gnn_bb/branchpricecut/results/benchmark/20260513_224021_benchmark_10_20_30/logs/bpc_clean_full/bench_20_10.jsonl,/home/kai/work/gnn_bb/branchpricecut/results/benchmark/20260513_224021_benchmark_10_20_30/solutions/bpc_clean_full/solution_bench_20_10.json,/home/kai/work/gnn_bb/branchpricecut/results/benchmark/20260513_224021_benchmark_10_20_30/terminal/bpc_clean_full__bench_20_10.log,,,,,,,,,,,,,,,,,,,,,,,,,,,,,,,,,,,,,,,,,,,
20260513_224021_benchmark_10_20_30,bpc_clean_full__bench_30_01,bpc_clean_full,bpc_clean,bench_30_01,30,1,20263601,True,,TIME_LIMIT,561.049411,388.682502,0.307222,4123.634848,1,4,3,82844298,82844289,0,0,0,0,110.730775,110.730775,3,4123.783735,3,0,0,6,12,1,0.626229,0,0,3,1911,637,0,bench_30_01,/home/kai/work/gnn_bb/branchpricecut/results/benchmark/20260513_224021_benchmark_10_20_30/instances/instance_bench_30_01.json,/home/kai/work/gnn_bb/branchpricecut/results/benchmark/20260513_224021_benchmark_10_20_30/logs/bpc_clean_full/bench_30_01.jsonl,0,0,388.682502,20260511,30,30,3,561.049411,0,0,1,0,0,4123.004163,0,0,82844289,82844298,/home/kai/work/gnn_bb/branchpricecut/results/benchmark/20260513_224021_benchmark_10_20_30/logs/bpc_clean_full/bench_30_01.jsonl,/home/kai/work/gnn_bb/branchpricecut/results/benchmark/20260513_224021_benchmark_10_20_30/solutions/bpc_clean_full/solution_bench_30_01.json,/home/kai/work/gnn_bb/branchpricecut/results/benchmark/20260513_224021_benchmark_10_20_30/terminal/bpc_clean_full__bench_30_01.log,,,,,,,,,,,,,,,,,,,,,,,,,,,,,,,,,,,,,,,,,,,
20260513_224021_benchmark_10_20_30,bpc_clean_full__bench_30_02,bpc_clean_full,bpc_clean,bench_30_02,30,2,20263602,True,,TIME_LIMIT,558.642735,381.911819,0.316358,3722.656938,1,5,4,77474880,77474868,0,0,0,0,63.741848,63.741848,4,3722.811944,3,0,0,6,12,1,0.690854,0,0,4,2511,837,0,bench_30_02,/home/kai/work/gnn_bb/branchpricecut/results/benchmark/20260513_224021_benchmark_10_20_30/instances/instance_bench_30_02.json,/home/kai/work/gnn_bb/branchpricecut/results/benchmark/20260513_224021_benchmark_10_20_30/logs/bpc_clean_full/bench_30_02.jsonl,0,0,381.911819,20260511,22,30,3,558.642735,0,0,1,0,0,3721.964542,0,0,77474868,77474880,/home/kai/work/gnn_bb/branchpricecut/results/benchmark/20260513_224021_benchmark_10_20_30/logs/bpc_clean_full/bench_30_02.jsonl,/home/kai/work/gnn_bb/branchpricecut/results/benchmark/20260513_224021_benchmark_10_20_30/solutions/bpc_clean_full/solution_bench_30_02.json,/home/kai/work/gnn_bb/branchpricecut/results/benchmark/20260513_224021_benchmark_10_20_30/terminal/bpc_clean_full__bench_30_02.log,,,,,,,,,,,,,,,,,,,,,,,,,,,,,,,,,,,,,,,,,,,
20260513_224021_benchmark_10_20_30,bpc_clean_full__bench_30_03,bpc_clean_full,bpc_clean,bench_30_03,30,3,20263603,True,,TIME_LIMIT,568.48528,395.567177,0.304173,3880.587501,1,6,5,80311605,80311590,0,0,0,0,83.798778,83.798778,5,3880.758317,3,0,0,6,12,1,0.887405,0,0,5,3111,1037,0,bench_30_03,/home/kai/work/gnn_bb/branchpricecut/results/benchmark/20260513_224021_benchmark_10_20_30/instances/instance_bench_30_03.json,/home/kai/work/gnn_bb/branchpricecut/results/benchmark/20260513_224021_benchmark_10_20_30/logs/bpc_clean_full/bench_30_03.jsonl,0,0,395.567177,20260511,30,30,3,568.48528,0,0,1,0,0,3879.699097,0,0,80311590,80311605,/home/kai/work/gnn_bb/branchpricecut/results/benchmark/20260513_224021_benchmark_10_20_30/logs/bpc_clean_full/bench_30_03.jsonl,/home/kai/work/gnn_bb/branchpricecut/results/benchmark/20260513_224021_benchmark_10_20_30/solutions/bpc_clean_full/solution_bench_30_03.json,/home/kai/work/gnn_bb/branchpricecut/results/benchmark/20260513_224021_benchmark_10_20_30/terminal/bpc_clean_full__bench_30_03.log,,,,,,,,,,,,,,,,,,,,,,,,,,,,,,,,,,,,,,,,,,,
20260513_224021_benchmark_10_20_30,hybrid_full__bench_10_01,hybrid_full,branchpricecut,bench_10_01,10,1,20261601,True,,OPTIMAL,169.567191,169.567191,0.0,7.64138,3,14,11,175741,175730,2,0,0,2,0.908338,0.908338,7,7.712715,,,,,,1,0.563365,0,0,11,535,535,,bench_10_01,,/home/kai/work/gnn_bb/branchpricecut/results/benchmark/20260513_224021_benchmark_10_20_30/logs/hybrid_full/bench_10_01.jsonl,0,2,168.90188,,,10,1,169.567191,0,1,0,0,2,3.549684,0,0,175730,175741,/home/kai/work/gnn_bb/branchpricecut/results/benchmark/20260513_224021_benchmark_10_20_30/logs/hybrid_full/bench_10_01.jsonl,/home/kai/work/gnn_bb/branchpricecut/results/benchmark/20260513_224021_benchmark_10_20_30/solutions/hybrid_full/solution_bench_10_01.json,/home/kai/work/gnn_bb/branchpricecut/results/benchmark/20260513_224021_benchmark_10_20_30/terminal/hybrid_full__bench_10_01.log,0,0,0,0,0,0,,11,11,0.0,0,0,0,0,0.0,route_vehicle,hybrid_route,0,0,0,0,0,0.0,route_rcsp,0,,0,0,0.0,535,0,,0,False,0,0,0,0,0.0,/home/kai/work/gnn_bb/branchpricecut/results/benchmark/20260513_224021_benchmark_10_20_30/solutions/hybrid_full/solution_bench_10_01.json,10,0,0.0
20260513_224021_benchmark_10_20_30,hybrid_full__bench_10_02,hybrid_full,branchpricecut,bench_10_02,10,2,20261602,True,,OPTIMAL,174.248064,174.248064,0.0,4.136363,2,10,8,98152,98144,3,1,0,2,0.674879,4.136288,8,4.220595,,,,,,1,0.0,0,0,8,838,838,,bench_10_02,,/home/kai/work/gnn_bb/branchpricecut/results/benchmark/20260513_224021_benchmark_10_20_30/logs/hybrid_full/bench_10_02.jsonl,0,2,174.248064,,,10,1,174.248064,0,0,0,0,2,4.13127,0,1,98144,98152,/home/kai/work/gnn_bb/branchpricecut/results/benchmark/20260513_224021_benchmark_10_20_30/logs/hybrid_full/bench_10_02.jsonl,/home/kai/work/gnn_bb/branchpricecut/results/benchmark/20260513_224021_benchmark_10_20_30/solutions/hybrid_full/solution_bench_10_02.json,/home/kai/work/gnn_bb/branchpricecut/results/benchmark/20260513_224021_benchmark_10_20_30/terminal/hybrid_full__bench_10_02.log,0,0,0,0,0,0,,8,8,0.0,0,0,0,0,0.0,route_vehicle,hybrid_route,0,0,0,0,0,0.0,route_rcsp,0,,0,0,0.0,838,0,,0,False,0,0,0,0,0.0,/home/kai/work/gnn_bb/branchpricecut/results/benchmark/20260513_224021_benchmark_10_20_30/solutions/hybrid_full/solution_bench_10_02.json,10,0,0.0
20260513_224021_benchmark_10_20_30,hybrid_full__bench_10_03,hybrid_full,branchpricecut,bench_10_03,10,3,20261603,True,,OPTIMAL,168.145867,168.145867,0.0,18.735197,12,35,23,362075,362052,3,2,0,1,1.092655,18.735052,6,18.811883,,,,,,10,5.299944,0,0,23,722,722,,bench_10_03,,/home/kai/work/gnn_bb/branchpricecut/results/benchmark/20260513_224021_benchmark_10_20_30/logs/hybrid_full/bench_10_03.jsonl,0,1,167.585125,,,10,1,168.145867,4,4,0,0,1,3.439214,0,2,362052,362075,/home/kai/work/gnn_bb/branchpricecut/results/benchmark/20260513_224021_benchmark_10_20_30/logs/hybrid_full/bench_10_03.jsonl,/home/kai/work/gnn_bb/branchpricecut/results/benchmark/20260513_224021_benchmark_10_20_30/solutions/hybrid_full/solution_bench_10_03.json,/home/kai/work/gnn_bb/branchpricecut/results/benchmark/20260513_224021_benchmark_10_20_30/terminal/hybrid_full__bench_10_03.log,0,0,0,0,0,0,,23,23,0.0,0,0,0,0,0.0,route_vehicle,hybrid_route,0,0,0,0,0,0.0,route_rcsp,0,,0,0,0.0,722,0,,0,False,0,0,0,0,0.0,/home/kai/work/gnn_bb/branchpricecut/results/benchmark/20260513_224021_benchmark_10_20_30/solutions/hybrid_full/solution_bench_10_03.json,10,0,0.0
20260513_224021_benchmark_10_20_30,hybrid_full__bench_10_04,hybrid_full,branchpricecut,bench_10_04,10,4,20261604,True,,OPTIMAL,175.511947,175.511947,0.0,3.389689,2,11,9,99837,99828,3,1,0,2,0.077235,3.389618,9,3.467023,,,,,,1,0.0,0,0,9,649,649,,bench_10_04,,/home/kai/work/gnn_bb/branchpricecut/results/benchmark/20260513_224021_benchmark_10_20_30/logs/hybrid_full/bench_10_04.jsonl,0,2,175.511947,,,10,1,175.511947,0,0,0,0,2,3.384321,0,1,99828,99837,/home/kai/work/gnn_bb/branchpricecut/results/benchmark/20260513_224021_benchmark_10_20_30/logs/hybrid_full/bench_10_04.jsonl,/home/kai/work/gnn_bb/branchpricecut/results/benchmark/20260513_224021_benchmark_10_20_30/solutions/hybrid_full/solution_bench_10_04.json,/home/kai/work/gnn_bb/branchpricecut/results/benchmark/20260513_224021_benchmark_10_20_30/terminal/hybrid_full__bench_10_04.log,0,0,0,0,0,0,,9,9,0.0,0,0,0,0,0.0,route_vehicle,hybrid_route,0,0,0,0,0,0.0,route_rcsp,0,,0,0,0.0,649,0,,0,False,0,0,0,0,0.0,/home/kai/work/gnn_bb/branchpricecut/results/benchmark/20260513_224021_benchmark_10_20_30/solutions/hybrid_full/solution_bench_10_04.json,10,0,0.0
20260513_224021_benchmark_10_20_30,hybrid_full__bench_10_05,hybrid_full,branchpricecut,bench_10_05,10,5,20261605,True,,OPTIMAL,170.415006,170.415006,0.0,79.553255,128,293,165,2365406,2365241,41,39,0,2,0.491468,68.674757,8,79.67279,,,,,,85,16.339626,0,0,165,1599,1599,,bench_10_05,,/home/kai/work/gnn_bb/branchpricecut/results/benchmark/20260513_224021_benchmark_10_20_30/logs/hybrid_full/bench_10_05.jsonl,0,2,168.517608,,,10,1,170.415006,20,26,0,0,2,3.877502,0,39,2365241,2365406,/home/kai/work/gnn_bb/branchpricecut/results/benchmark/20260513_224021_benchmark_10_20_30/logs/hybrid_full/bench_10_05.jsonl,/home/kai/work/gnn_bb/branchpricecut/results/benchmark/20260513_224021_benchmark_10_20_30/solutions/hybrid_full/solution_bench_10_05.json,/home/kai/work/gnn_bb/branchpricecut/results/benchmark/20260513_224021_benchmark_10_20_30/terminal/hybrid_full__bench_10_05.log,0,0,0,0,0,0,,165,165,0.0,0,0,0,0,0.0,route_vehicle,hybrid_route,0,0,0,0,0,0.0,route_rcsp,0,,0,0,0.0,1599,0,,0,False,0,0,0,0,0.0,/home/kai/work/gnn_bb/branchpricecut/results/benchmark/20260513_224021_benchmark_10_20_30/solutions/hybrid_full/solution_bench_10_05.json,10,0,0.0
20260513_224021_benchmark_10_20_30,hybrid_full__bench_10_06,hybrid_full,branchpricecut,bench_10_06,10,6,20261606,True,,OPTIMAL,178.319126,178.319126,0.0,150.989804,400,892,491,2491760,2491269,145,141,0,5,0.078208,15.115242,8,151.106177,,,,,,271,63.35508,0,1,491,1612,1612,,bench_10_06,,/home/kai/work/gnn_bb/branchpricecut/results/benchmark/20260513_224021_benchmark_10_20_30/logs/hybrid_full/bench_10_06.jsonl,0,5,175.493312,,,10,1,178.319126,72,58,0,0,5,2.412144,0,141,2491269,2491760,/home/kai/work/gnn_bb/branchpricecut/results/benchmark/20260513_224021_benchmark_10_20_30/logs/hybrid_full/bench_10_06.jsonl,/home/kai/work/gnn_bb/branchpricecut/results/benchmark/20260513_224021_benchmark_10_20_30/solutions/hybrid_full/solution_bench_10_06.json,/home/kai/work/gnn_bb/branchpricecut/results/benchmark/20260513_224021_benchmark_10_20_30/terminal/hybrid_full__bench_10_06.log,0,0,0,0,0,0,,491,491,0.0,0,0,0,0,0.0,route_vehicle,hybrid_route,0,0,0,0,0,0.0,route_rcsp,0,,0,0,0.0,1612,0,,0,False,0,0,0,0,0.0,/home/kai/work/gnn_bb/branchpricecut/results/benchmark/20260513_224021_benchmark_10_20_30/solutions/hybrid_full/solution_bench_10_06.json,10,0,0.0
20260513_224021_benchmark_10_20_30,hybrid_full__bench_10_07,hybrid_full,branchpricecut,bench_10_07,10,7,20261607,True,,OPTIMAL,168.880473,168.880473,0.0,11.574414,7,23,16,240542,240526,3,0,0,3,1.591109,1.591109,9,11.656258,,,,,,3,2.134378,0,0,16,716,716,,bench_10_07,,/home/kai/work/gnn_bb/branchpricecut/results/benchmark/20260513_224021_benchmark_10_20_30/logs/hybrid_full/bench_10_07.jsonl,0,3,168.443284,,,10,1,168.880473,2,1,0,0,3,5.096449,0,0,240526,240542,/home/kai/work/gnn_bb/branchpricecut/results/benchmark/20260513_224021_benchmark_10_20_30/logs/hybrid_full/bench_10_07.jsonl,/home/kai/work/gnn_bb/branchpricecut/results/benchmark/20260513_224021_benchmark_10_20_30/solutions/hybrid_full/solution_bench_10_07.json,/home/kai/work/gnn_bb/branchpricecut/results/benchmark/20260513_224021_benchmark_10_20_30/terminal/hybrid_full__bench_10_07.log,0,0,0,0,0,0,,16,16,0.0,0,0,0,0,0.0,route_vehicle,hybrid_route,0,0,0,0,0,0.0,route_rcsp,0,,0,0,0.0,716,0,,0,False,0,0,0,0,0.0,/home/kai/work/gnn_bb/branchpricecut/results/benchmark/20260513_224021_benchmark_10_20_30/solutions/hybrid_full/solution_bench_10_07.json,10,0,0.0
20260513_224021_benchmark_10_20_30,hybrid_full__bench_10_08,hybrid_full,branchpricecut,bench_10_08,10,8,20261608,True,,OPTIMAL,174.667555,174.667555,0.0,10.608523,9,28,19,246789,246770,0,0,0,0,1.088113,1.088113,5,10.694526,,,,,,4,2.003785,0,0,19,939,939,,bench_10_08,,/home/kai/work/gnn_bb/branchpricecut/results/benchmark/20260513_224021_benchmark_10_20_30/logs/hybrid_full/bench_10_08.jsonl,0,0,173.467425,,,10,1,174.667555,1,3,0,0,0,2.724485,0,0,246770,246789,/home/kai/work/gnn_bb/branchpricecut/results/benchmark/20260513_224021_benchmark_10_20_30/logs/hybrid_full/bench_10_08.jsonl,/home/kai/work/gnn_bb/branchpricecut/results/benchmark/20260513_224021_benchmark_10_20_30/solutions/hybrid_full/solution_bench_10_08.json,/home/kai/work/gnn_bb/branchpricecut/results/benchmark/20260513_224021_benchmark_10_20_30/terminal/hybrid_full__bench_10_08.log,0,0,0,0,0,0,,19,19,0.0,0,0,0,0,0.0,route_vehicle,hybrid_route,0,0,0,0,0,0.0,route_rcsp,0,,0,0,0.0,939,0,,0,False,0,0,0,0,0.0,/home/kai/work/gnn_bb/branchpricecut/results/benchmark/20260513_224021_benchmark_10_20_30/solutions/hybrid_full/solution_bench_10_08.json,10,0,0.0
20260513_224021_benchmark_10_20_30,hybrid_full__bench_10_09,hybrid_full,branchpricecut,bench_10_09,10,9,20261609,True,,OPTIMAL,176.243615,176.243615,0.0,8.96482,7,23,16,179949,179933,3,0,0,3,0.677022,0.677022,8,9.041184,,,,,,3,2.248089,0,0,16,636,636,,bench_10_09,,/home/kai/work/gnn_bb/branchpricecut/results/benchmark/20260513_224021_benchmark_10_20_30/logs/hybrid_full/bench_10_09.jsonl,0,3,175.649054,,,10,1,176.243615,2,1,0,0,3,2.869984,0,0,179933,179949,/home/kai/work/gnn_bb/branchpricecut/results/benchmark/20260513_224021_benchmark_10_20_30/logs/hybrid_full/bench_10_09.jsonl,/home/kai/work/gnn_bb/branchpricecut/results/benchmark/20260513_224021_benchmark_10_20_30/solutions/hybrid_full/solution_bench_10_09.json,/home/kai/work/gnn_bb/branchpricecut/results/benchmark/20260513_224021_benchmark_10_20_30/terminal/hybrid_full__bench_10_09.log,0,0,0,0,0,0,,16,16,0.0,0,0,0,0,0.0,route_vehicle,hybrid_route,0,0,0,0,0,0.0,route_rcsp,0,,0,0,0.0,636,0,,0,False,0,0,0,0,0.0,/home/kai/work/gnn_bb/branchpricecut/results/benchmark/20260513_224021_benchmark_10_20_30/solutions/hybrid_full/solution_bench_10_09.json,10,0,0.0
20260513_224021_benchmark_10_20_30,hybrid_full__bench_10_10,hybrid_full,branchpricecut,bench_10_10,10,10,20261610,True,,OPTIMAL,168.790059,168.790059,0.0,10.328753,5,19,14,214090,214076,3,0,0,3,1.03415,9.317861,6,10.411851,,,,,,3,1.488326,0,0,14,698,698,,bench_10_10,,/home/kai/work/gnn_bb/branchpricecut/results/benchmark/20260513_224021_benchmark_10_20_30/logs/hybrid_full/bench_10_10.jsonl,0,3,168.531288,,,10,1,168.790059,0,3,0,0,3,3.537942,0,0,214076,214090,/home/kai/work/gnn_bb/branchpricecut/results/benchmark/20260513_224021_benchmark_10_20_30/logs/hybrid_full/bench_10_10.jsonl,/home/kai/work/gnn_bb/branchpricecut/results/benchmark/20260513_224021_benchmark_10_20_30/solutions/hybrid_full/solution_bench_10_10.json,/home/kai/work/gnn_bb/branchpricecut/results/benchmark/20260513_224021_benchmark_10_20_30/terminal/hybrid_full__bench_10_10.log,0,0,0,0,0,0,,14,14,0.0,0,0,0,0,0.0,route_vehicle,hybrid_route,0,0,0,0,0,0.0,route_rcsp,0,,0,0,0.0,698,0,,0,False,0,0,0,0,0.0,/home/kai/work/gnn_bb/branchpricecut/results/benchmark/20260513_224021_benchmark_10_20_30/solutions/hybrid_full/solution_bench_10_10.json,10,0,0.0
20260513_224021_benchmark_10_20_30,hybrid_full__bench_20_01,hybrid_full,branchpricecut,bench_20_01,20,1,20262601,True,,TIME_LIMIT,328.04715,225.761901,0.3118,3638.424738,2,23,21,78748890,78748848,11,0,0,11,19.520567,19.520567,15,3638.560749,,,,,,2,3.662803,0,0,21,3382,1691,,bench_20_01,,/home/kai/work/gnn_bb/branchpricecut/results/benchmark/20260513_224021_benchmark_10_20_30/logs/hybrid_full/bench_20_01.jsonl,0,11,225.761901,,,20,2,328.04715,0,1,1,0,11,2696.736298,0,0,78748848,78748890,/home/kai/work/gnn_bb/branchpricecut/results/benchmark/20260513_224021_benchmark_10_20_30/logs/hybrid_full/bench_20_01.jsonl,/home/kai/work/gnn_bb/branchpricecut/results/benchmark/20260513_224021_benchmark_10_20_30/solutions/hybrid_full/solution_bench_20_01.json,/home/kai/work/gnn_bb/branchpricecut/results/benchmark/20260513_224021_benchmark_10_20_30/terminal/hybrid_full__bench_20_01.log,0,0,0,0,0,0,,21,21,0.0,0,0,0,0,0.0,route_vehicle,hybrid_route,0,0,0,0,0,0.0,route_rcsp,0,,0,0,0.0,1691,0,,0,False,0,0,0,0,0.0,/home/kai/work/gnn_bb/branchpricecut/results/benchmark/20260513_224021_benchmark_10_20_30/solutions/hybrid_full/solution_bench_20_01.json,20,0,0.0
20260513_224021_benchmark_10_20_30,hybrid_full__bench_20_02,hybrid_full,branchpricecut,bench_20_02,20,2,20262602,True,,TIME_LIMIT,329.979902,228.39887,0.30784,3680.62668,2,23,21,81672992,81672950,10,0,0,10,35.009282,35.009282,17,3680.768804,,,,,,2,6.45223,0,0,21,3746,1873,,bench_20_02,,/home/kai/work/gnn_bb/branchpricecut/results/benchmark/20260513_224021_benchmark_10_20_30/logs/hybrid_full/bench_20_02.jsonl,0,10,228.39887,,,20,2,329.979902,0,2,0,0,10,2864.46639,0,0,81672950,81672992,/home/kai/work/gnn_bb/branchpricecut/results/benchmark/20260513_224021_benchmark_10_20_30/logs/hybrid_full/bench_20_02.jsonl,/home/kai/work/gnn_bb/branchpricecut/results/benchmark/20260513_224021_benchmark_10_20_30/solutions/hybrid_full/solution_bench_20_02.json,/home/kai/work/gnn_bb/branchpricecut/results/benchmark/20260513_224021_benchmark_10_20_30/terminal/hybrid_full__bench_20_02.log,0,0,0,0,0,0,,21,21,0.0,0,0,0,0,0.0,route_vehicle,hybrid_route,0,0,0,0,0,0.0,route_rcsp,0,,0,0,0.0,1873,0,,0,False,0,0,0,0,0.0,/home/kai/work/gnn_bb/branchpricecut/results/benchmark/20260513_224021_benchmark_10_20_30/solutions/hybrid_full/solution_bench_20_02.json,20,0,0.0
20260513_224021_benchmark_10_20_30,hybrid_full__bench_20_03,hybrid_full,branchpricecut,bench_20_03,20,3,20262603,True,,TIME_LIMIT,335.555995,231.001766,0.311585,3737.647927,5,25,20,83477816,83477776,8,0,0,8,20.291133,20.291133,13,3737.790838,,,,,,5,12.312794,0,0,20,3990,1995,,bench_20_03,,/home/kai/work/gnn_bb/branchpricecut/results/benchmark/20260513_224021_benchmark_10_20_30/logs/hybrid_full/bench_20_03.jsonl,0,8,230.564696,,,20,2,335.555995,0,4,1,0,8,2317.398831,0,0,83477776,83477816,/home/kai/work/gnn_bb/branchpricecut/results/benchmark/20260513_224021_benchmark_10_20_30/logs/hybrid_full/bench_20_03.jsonl,/home/kai/work/gnn_bb/branchpricecut/results/benchmark/20260513_224021_benchmark_10_20_30/solutions/hybrid_full/solution_bench_20_03.json,/home/kai/work/gnn_bb/branchpricecut/results/benchmark/20260513_224021_benchmark_10_20_30/terminal/hybrid_full__bench_20_03.log,0,0,0,0,0,0,,20,20,0.0,0,0,0,0,0.0,route_vehicle,hybrid_route,0,0,0,0,0,0.0,route_rcsp,0,,0,0,0.0,1995,0,,0,False,0,0,0,0,0.0,/home/kai/work/gnn_bb/branchpricecut/results/benchmark/20260513_224021_benchmark_10_20_30/solutions/hybrid_full/solution_bench_20_03.json,20,0,0.0
20260513_224021_benchmark_10_20_30,hybrid_full__bench_20_04,hybrid_full,branchpricecut,bench_20_04,20,4,20262604,True,,TIME_LIMIT,341.181241,234.725998,0.31202,3638.073196,8,41,33,79090637,79090571,9,0,0,9,21.682956,21.682956,17,3638.297771,,,,,,8,29.851061,0,0,33,4676,2338,,bench_20_04,,/home/kai/work/gnn_bb/branchpricecut/results/benchmark/20260513_224021_benchmark_10_20_30/logs/hybrid_full/bench_20_04.jsonl,0,9,234.348542,,,20,2,341.181241,0,7,1,0,9,2031.382061,0,0,79090571,79090637,/home/kai/work/gnn_bb/branchpricecut/results/benchmark/20260513_224021_benchmark_10_20_30/logs/hybrid_full/bench_20_04.jsonl,/home/kai/work/gnn_bb/branchpricecut/results/benchmark/20260513_224021_benchmark_10_20_30/solutions/hybrid_full/solution_bench_20_04.json,/home/kai/work/gnn_bb/branchpricecut/results/benchmark/20260513_224021_benchmark_10_20_30/terminal/hybrid_full__bench_20_04.log,0,0,0,0,0,0,,33,33,0.0,0,0,0,0,0.0,route_vehicle,hybrid_route,0,0,0,0,0,0.0,route_rcsp,0,,0,0,0.0,2338,0,,0,False,0,0,0,0,0.0,/home/kai/work/gnn_bb/branchpricecut/results/benchmark/20260513_224021_benchmark_10_20_30/solutions/hybrid_full/solution_bench_20_04.json,20,0,0.0
20260513_224021_benchmark_10_20_30,hybrid_full__bench_20_05,hybrid_full,branchpricecut,bench_20_05,20,5,20262605,True,,TIME_LIMIT,348.527759,243.173905,0.302283,3672.171978,8,38,30,71418845,71418785,5,0,0,5,21.561096,21.561096,14,3672.396214,,,,,,8,28.987484,0,0,30,3708,1854,,bench_20_05,,/home/kai/work/gnn_bb/branchpricecut/results/benchmark/20260513_224021_benchmark_10_20_30/logs/hybrid_full/bench_20_05.jsonl,0,5,242.790002,,,20,2,348.527759,2,3,3,0,5,1450.802813,0,0,71418785,71418845,/home/kai/work/gnn_bb/branchpricecut/results/benchmark/20260513_224021_benchmark_10_20_30/logs/hybrid_full/bench_20_05.jsonl,/home/kai/work/gnn_bb/branchpricecut/results/benchmark/20260513_224021_benchmark_10_20_30/solutions/hybrid_full/solution_bench_20_05.json,/home/kai/work/gnn_bb/branchpricecut/results/benchmark/20260513_224021_benchmark_10_20_30/terminal/hybrid_full__bench_20_05.log,0,0,0,0,0,0,,30,30,0.0,0,0,0,0,0.0,route_vehicle,hybrid_route,0,0,0,0,0,0.0,route_rcsp,0,,0,0,0.0,1854,0,,0,False,0,0,0,0,0.0,/home/kai/work/gnn_bb/branchpricecut/results/benchmark/20260513_224021_benchmark_10_20_30/solutions/hybrid_full/solution_bench_20_05.json,20,0,0.0
20260513_224021_benchmark_10_20_30,hybrid_full__bench_20_06,hybrid_full,branchpricecut,bench_20_06,20,6,20262606,True,,TIME_LIMIT,329.244699,226.472968,0.312144,3692.83486,1,22,21,79323510,79323468,13,0,0,13,19.006245,19.006245,21,3693.021896,,,,,,1,1.552392,0,0,21,3230,1615,,bench_20_06,,/home/kai/work/gnn_bb/branchpricecut/results/benchmark/20260513_224021_benchmark_10_20_30/logs/hybrid_full/bench_20_06.jsonl,0,13,226.472968,,,20,2,329.244699,0,1,0,0,13,3635.011412,0,0,79323468,79323510,/home/kai/work/gnn_bb/branchpricecut/results/benchmark/20260513_224021_benchmark_10_20_30/logs/hybrid_full/bench_20_06.jsonl,/home/kai/work/gnn_bb/branchpricecut/results/benchmark/20260513_224021_benchmark_10_20_30/solutions/hybrid_full/solution_bench_20_06.json,/home/kai/work/gnn_bb/branchpricecut/results/benchmark/20260513_224021_benchmark_10_20_30/terminal/hybrid_full__bench_20_06.log,0,0,0,0,0,0,,21,21,0.0,0,0,0,0,0.0,route_vehicle,hybrid_route,0,0,0,0,0,0.0,route_rcsp,0,,0,0,0.0,1615,0,,0,False,0,0,0,0,0.0,/home/kai/work/gnn_bb/branchpricecut/results/benchmark/20260513_224021_benchmark_10_20_30/solutions/hybrid_full/solution_bench_20_06.json,20,0,0.0
20260513_224021_benchmark_10_20_30,hybrid_full__bench_20_07,hybrid_full,branchpricecut,bench_20_07,20,7,20262607,True,,TIME_LIMIT,329.597104,228.870103,0.305606,3693.729247,4,28,24,82469945,82469897,5,0,0,5,34.749183,34.749183,16,3693.881035,,,,,,4,11.124864,0,0,24,3758,1879,,bench_20_07,,/home/kai/work/gnn_bb/branchpricecut/results/benchmark/20260513_224021_benchmark_10_20_30/logs/hybrid_full/bench_20_07.jsonl,0,5,228.801788,,,20,2,329.597104,1,1,2,0,5,2401.552549,0,0,82469897,82469945,/home/kai/work/gnn_bb/branchpricecut/results/benchmark/20260513_224021_benchmark_10_20_30/logs/hybrid_full/bench_20_07.jsonl,/home/kai/work/gnn_bb/branchpricecut/results/benchmark/20260513_224021_benchmark_10_20_30/solutions/hybrid_full/solution_bench_20_07.json,/home/kai/work/gnn_bb/branchpricecut/results/benchmark/20260513_224021_benchmark_10_20_30/terminal/hybrid_full__bench_20_07.log,0,0,0,0,0,0,,24,24,0.0,0,0,0,0,0.0,route_vehicle,hybrid_route,0,0,0,0,0,0.0,route_rcsp,0,,0,0,0.0,1879,0,,0,False,0,0,0,0,0.0,/home/kai/work/gnn_bb/branchpricecut/results/benchmark/20260513_224021_benchmark_10_20_30/solutions/hybrid_full/solution_bench_20_07.json,20,0,0.0
20260513_224021_benchmark_10_20_30,hybrid_full__bench_20_08,hybrid_full,branchpricecut,bench_20_08,20,8,20262608,True,,TIME_LIMIT,338.688506,234.519741,0.307565,3627.645367,3,26,23,81871548,81871502,5,0,0,5,34.141,34.141,18,3627.824363,,,,,,3,8.837073,0,0,23,4458,2229,,bench_20_08,,/home/kai/work/gnn_bb/branchpricecut/results/benchmark/20260513_224021_benchmark_10_20_30/logs/hybrid_full/bench_20_08.jsonl,0,5,234.519741,,,20,2,338.688506,0,2,1,0,5,2722.734719,0,0,81871502,81871548,/home/kai/work/gnn_bb/branchpricecut/results/benchmark/20260513_224021_benchmark_10_20_30/logs/hybrid_full/bench_20_08.jsonl,/home/kai/work/gnn_bb/branchpricecut/results/benchmark/20260513_224021_benchmark_10_20_30/solutions/hybrid_full/solution_bench_20_08.json,/home/kai/work/gnn_bb/branchpricecut/results/benchmark/20260513_224021_benchmark_10_20_30/terminal/hybrid_full__bench_20_08.log,0,0,0,0,0,0,,23,23,0.0,0,0,0,0,0.0,route_vehicle,hybrid_route,0,0,0,0,0,0.0,route_rcsp,0,,0,0,0.0,2229,0,,0,False,0,0,0,0,0.0,/home/kai/work/gnn_bb/branchpricecut/results/benchmark/20260513_224021_benchmark_10_20_30/solutions/hybrid_full/solution_bench_20_08.json,20,0,0.0
20260513_224021_benchmark_10_20_30,hybrid_full__bench_20_09,hybrid_full,branchpricecut,bench_20_09,20,9,20262609,True,,TIME_LIMIT,342.453411,242.453411,0.292011,3659.331448,7,47,40,77797060,77796980,10,2,0,8,24.435369,3220.126351,15,3659.496763,,,,,,7,17.806997,0,0,40,4566,2283,,bench_20_09,,/home/kai/work/gnn_bb/branchpricecut/results/benchmark/20260513_224021_benchmark_10_20_30/logs/hybrid_full/bench_20_09.jsonl,0,8,241.848149,,,20,2,342.453411,0,5,1,0,8,1379.021582,0,2,77796980,77797060,/home/kai/work/gnn_bb/branchpricecut/results/benchmark/20260513_224021_benchmark_10_20_30/logs/hybrid_full/bench_20_09.jsonl,/home/kai/work/gnn_bb/branchpricecut/results/benchmark/20260513_224021_benchmark_10_20_30/solutions/hybrid_full/solution_bench_20_09.json,/home/kai/work/gnn_bb/branchpricecut/results/benchmark/20260513_224021_benchmark_10_20_30/terminal/hybrid_full__bench_20_09.log,0,0,0,0,0,0,,40,40,0.0,0,0,0,0,0.0,route_vehicle,hybrid_route,0,0,0,0,0,0.0,route_rcsp,0,,0,0,0.0,2283,0,,0,False,0,0,0,0,0.0,/home/kai/work/gnn_bb/branchpricecut/results/benchmark/20260513_224021_benchmark_10_20_30/solutions/hybrid_full/solution_bench_20_09.json,20,0,0.0
20260513_224021_benchmark_10_20_30,hybrid_full__bench_20_10,hybrid_full,branchpricecut,bench_20_10,20,10,20262610,True,,TIME_LIMIT,328.698918,227.321756,0.30842,3804.547727,2,20,18,87533960,87533924,5,0,0,5,33.530201,33.530201,16,3804.699456,,,,,,2,4.899472,0,0,18,3262,1631,,bench_20_10,,/home/kai/work/gnn_bb/branchpricecut/results/benchmark/20260513_224021_benchmark_10_20_30/logs/hybrid_full/bench_20_10.jsonl,0,5,227.321756,,,20,2,328.698918,1,0,1,0,5,3324.114761,0,0,87533924,87533960,/home/kai/work/gnn_bb/branchpricecut/results/benchmark/20260513_224021_benchmark_10_20_30/logs/hybrid_full/bench_20_10.jsonl,/home/kai/work/gnn_bb/branchpricecut/results/benchmark/20260513_224021_benchmark_10_20_30/solutions/hybrid_full/solution_bench_20_10.json,/home/kai/work/gnn_bb/branchpricecut/results/benchmark/20260513_224021_benchmark_10_20_30/terminal/hybrid_full__bench_20_10.log,0,0,0,0,0,0,,18,18,0.0,0,0,0,0,0.0,route_vehicle,hybrid_route,0,0,0,0,0,0.0,route_rcsp,0,,0,0,0.0,1631,0,,0,False,0,0,0,0,0.0,/home/kai/work/gnn_bb/branchpricecut/results/benchmark/20260513_224021_benchmark_10_20_30/solutions/hybrid_full/solution_bench_20_10.json,20,0,0.0
20260513_224021_benchmark_10_20_30,hybrid_full__bench_30_01,hybrid_full,branchpricecut,bench_30_01,30,1,20263601,True,,TIME_LIMIT,561.049411,388.682502,0.307222,4032.063806,1,4,3,82844298,82844289,0,0,0,0,107.585162,107.585162,3,4032.208889,,,,,,1,0.597071,0,0,3,1911,637,,bench_30_01,,/home/kai/work/gnn_bb/branchpricecut/results/benchmark/20260513_224021_benchmark_10_20_30/logs/hybrid_full/bench_30_01.jsonl,0,0,388.682502,,,30,3,561.049411,0,0,1,0,0,4031.462399,0,0,82844289,82844298,/home/kai/work/gnn_bb/branchpricecut/results/benchmark/20260513_224021_benchmark_10_20_30/logs/hybrid_full/bench_30_01.jsonl,/home/kai/work/gnn_bb/branchpricecut/results/benchmark/20260513_224021_benchmark_10_20_30/solutions/hybrid_full/solution_bench_30_01.json,/home/kai/work/gnn_bb/branchpricecut/results/benchmark/20260513_224021_benchmark_10_20_30/terminal/hybrid_full__bench_30_01.log,0,0,0,0,0,0,,3,3,0.0,0,0,0,0,0.0,route_vehicle,hybrid_route,0,0,0,0,0,0.0,route_rcsp,0,,0,0,0.0,637,0,,0,False,0,0,0,0,0.0,/home/kai/work/gnn_bb/branchpricecut/results/benchmark/20260513_224021_benchmark_10_20_30/solutions/hybrid_full/solution_bench_30_01.json,30,0,0.0
20260513_224021_benchmark_10_20_30,hybrid_full__bench_30_02,hybrid_full,branchpricecut,bench_30_02,30,2,20263602,True,,TIME_LIMIT,558.642735,381.911819,0.316358,3725.457871,1,5,4,77474880,77474868,0,0,0,0,63.953087,63.953087,4,3725.614308,,,,,,1,0.658985,0,0,4,2511,837,,bench_30_02,,/home/kai/work/gnn_bb/branchpricecut/results/benchmark/20260513_224021_benchmark_10_20_30/logs/hybrid_full/bench_30_02.jsonl,0,0,381.911819,,,30,3,558.642735,0,0,1,0,0,3724.796972,0,0,77474868,77474880,/home/kai/work/gnn_bb/branchpricecut/results/benchmark/20260513_224021_benchmark_10_20_30/logs/hybrid_full/bench_30_02.jsonl,/home/kai/work/gnn_bb/branchpricecut/results/benchmark/20260513_224021_benchmark_10_20_30/solutions/hybrid_full/solution_bench_30_02.json,/home/kai/work/gnn_bb/branchpricecut/results/benchmark/20260513_224021_benchmark_10_20_30/terminal/hybrid_full__bench_30_02.log,0,0,0,0,0,0,,4,4,0.0,0,0,0,0,0.0,route_vehicle,hybrid_route,0,0,0,0,0,0.0,route_rcsp,0,,0,0,0.0,837,0,,0,False,0,0,0,0,0.0,/home/kai/work/gnn_bb/branchpricecut/results/benchmark/20260513_224021_benchmark_10_20_30/solutions/hybrid_full/solution_bench_30_02.json,22,0,0.0
20260513_224021_benchmark_10_20_30,hybrid_full__bench_30_03,hybrid_full,branchpricecut,bench_30_03,30,3,20263603,True,,TIME_LIMIT,568.48528,395.567177,0.304173,3920.923,1,6,5,80311605,80311590,0,0,0,0,84.123814,84.123814,5,3921.105891,,,,,,1,0.879251,0,0,5,3111,1037,,bench_30_03,,/home/kai/work/gnn_bb/branchpricecut/results/benchmark/20260513_224021_benchmark_10_20_30/logs/hybrid_full/bench_30_03.jsonl,0,0,395.567177,,,30,3,568.48528,0,0,1,0,0,3920.042307,0,0,80311590,80311605,/home/kai/work/gnn_bb/branchpricecut/results/benchmark/20260513_224021_benchmark_10_20_30/logs/hybrid_full/bench_30_03.jsonl,/home/kai/work/gnn_bb/branchpricecut/results/benchmark/20260513_224021_benchmark_10_20_30/solutions/hybrid_full/solution_bench_30_03.json,/home/kai/work/gnn_bb/branchpricecut/results/benchmark/20260513_224021_benchmark_10_20_30/terminal/hybrid_full__bench_30_03.log,0,0,0,0,0,0,,5,5,0.0,0,0,0,0,0.0,route_vehicle,hybrid_route,0,0,0,0,0,0.0,route_rcsp,0,,0,0,0.0,1037,0,,0,False,0,0,0,0,0.0,/home/kai/work/gnn_bb/branchpricecut/results/benchmark/20260513_224021_benchmark_10_20_30/solutions/hybrid_full/solution_bench_30_03.json,30,0,0.0
20260513_224021_benchmark_10_20_30,vehicle_schedule_ng_dssr__bench_10_01,vehicle_schedule_ng_dssr,branchpricecut,bench_10_01,10,1,20261601,True,,OPTIMAL,169.567191,169.567191,0.0,103.956334,1,20,3,1896901,1984068,0,0,0,0,52.350994,57.207249,3,104.022604,,,,,,0,0.0,0,0,3,361,1135,,bench_10_01,,/home/kai/work/gnn_bb/branchpricecut/results/benchmark/20260513_224021_benchmark_10_20_30/logs/vehicle_schedule_ng_dssr/bench_10_01.jsonl,0,0,169.567191,,,10,1,169.567191,0,0,0,0,0,103.946761,0,0,1984068,1896901,/home/kai/work/gnn_bb/branchpricecut/results/benchmark/20260513_224021_benchmark_10_20_30/logs/vehicle_schedule_ng_dssr/bench_10_01.jsonl,/home/kai/work/gnn_bb/branchpricecut/results/benchmark/20260513_224021_benchmark_10_20_30/solutions/vehicle_schedule_ng_dssr/solution_bench_10_01.json,/home/kai/work/gnn_bb/branchpricecut/results/benchmark/20260513_224021_benchmark_10_20_30/terminal/vehicle_schedule_ng_dssr__bench_10_01.log,0,5400,1,4,4,9,-61.595347,3,3,88.92854,0,1,2323,9000,0.0,partitioning,vehicle_schedule,3600,8,3600,1,0,0.00652,ng_dssr,13374,169.567191,4,4,0.03309,1135,5400,-33.423802,18,False,259890,214606,101003,259,7.959731,/home/kai/work/gnn_bb/branchpricecut/results/benchmark/20260513_224021_benchmark_10_20_30/solutions/vehicle_schedule_ng_dssr/solution_bench_10_01.json,10,3600,-0.0
20260513_224021_benchmark_10_20_30,vehicle_schedule_ng_dssr__bench_10_02,vehicle_schedule_ng_dssr,branchpricecut,bench_10_02,10,2,20261602,True,,OPTIMAL,174.248064,174.248064,0.0,64.952064,1,15,2,1083326,1198322,0,0,0,0,34.977539,34.977539,2,65.016315,,,,,,0,0.0,0,0,2,305,1134,,bench_10_02,,/home/kai/work/gnn_bb/branchpricecut/results/benchmark/20260513_224021_benchmark_10_20_30/logs/vehicle_schedule_ng_dssr/bench_10_02.jsonl,0,0,174.248064,,,10,1,174.248064,0,0,0,0,0,64.943377,0,0,1198322,1083326,/home/kai/work/gnn_bb/branchpricecut/results/benchmark/20260513_224021_benchmark_10_20_30/logs/vehicle_schedule_ng_dssr/bench_10_02.jsonl,/home/kai/work/gnn_bb/branchpricecut/results/benchmark/20260513_224021_benchmark_10_20_30/solutions/vehicle_schedule_ng_dssr/solution_bench_10_02.json,/home/kai/work/gnn_bb/branchpricecut/results/benchmark/20260513_224021_benchmark_10_20_30/terminal/vehicle_schedule_ng_dssr__bench_10_02.log,0,3900,1,3,4,8,-10.333023,2,2,51.0122,0,1,1171,6500,0.0,partitioning,vehicle_schedule,2600,8,2600,1,0,0.004318,ng_dssr,17041,174.248064,2,2,0.016061,1134,3900,-19.518518,13,False,238611,117769,157322,205,10.022204,/home/kai/work/gnn_bb/branchpricecut/results/benchmark/20260513_224021_benchmark_10_20_30/solutions/vehicle_schedule_ng_dssr/solution_bench_10_02.json,10,2600,-0.0
20260513_224021_benchmark_10_20_30,vehicle_schedule_ng_dssr__bench_10_03,vehicle_schedule_ng_dssr,branchpricecut,bench_10_03,10,3,20261603,True,,OPTIMAL,168.145867,168.145867,0.0,138.798669,1,19,3,2515704,2632294,0,0,0,0,75.339488,110.183712,3,138.864302,,,,,,0,0.0,0,0,3,370,1193,,bench_10_03,,/home/kai/work/gnn_bb/branchpricecut/results/benchmark/20260513_224021_benchmark_10_20_30/logs/vehicle_schedule_ng_dssr/bench_10_03.jsonl,0,0,168.145867,,,10,1,168.145867,0,0,0,0,0,138.788994,0,0,2632294,2515704,/home/kai/work/gnn_bb/branchpricecut/results/benchmark/20260513_224021_benchmark_10_20_30/logs/vehicle_schedule_ng_dssr/bench_10_03.jsonl,/home/kai/work/gnn_bb/branchpricecut/results/benchmark/20260513_224021_benchmark_10_20_30/solutions/vehicle_schedule_ng_dssr/solution_bench_10_03.json,/home/kai/work/gnn_bb/branchpricecut/results/benchmark/20260513_224021_benchmark_10_20_30/terminal/vehicle_schedule_ng_dssr__bench_10_03.log,0,4800,1,3,0,8,-67.859904,3,3,110.847048,0,2,2049,8000,0.0,partitioning,vehicle_schedule,3200,8,3200,1,0,0.006131,ng_dssr,23283,168.145867,4,4,0.031414,1193,4800,-19.203289,16,False,499683,249149,320499,232,21.546485,/home/kai/work/gnn_bb/branchpricecut/results/benchmark/20260513_224021_benchmark_10_20_30/solutions/vehicle_schedule_ng_dssr/solution_bench_10_03.json,10,3200,-0.0
20260513_224021_benchmark_10_20_30,vehicle_schedule_ng_dssr__bench_10_04,vehicle_schedule_ng_dssr,branchpricecut,bench_10_04,10,4,20261604,True,,OPTIMAL,175.511947,175.511947,0.0,35.101674,1,16,2,583048,603944,0,0,0,0,27.777374,27.777374,2,35.166558,,,,,,0,0.0,0,0,2,322,1126,,bench_10_04,,/home/kai/work/gnn_bb/branchpricecut/results/benchmark/20260513_224021_benchmark_10_20_30/logs/vehicle_schedule_ng_dssr/bench_10_04.jsonl,0,0,175.511947,,,10,1,175.511947,0,0,0,0,0,35.093278,0,0,603944,583048,/home/kai/work/gnn_bb/branchpricecut/results/benchmark/20260513_224021_benchmark_10_20_30/logs/vehicle_schedule_ng_dssr/bench_10_04.jsonl,/home/kai/work/gnn_bb/branchpricecut/results/benchmark/20260513_224021_benchmark_10_20_30/solutions/vehicle_schedule_ng_dssr/solution_bench_10_04.json,/home/kai/work/gnn_bb/branchpricecut/results/benchmark/20260513_224021_benchmark_10_20_30/terminal/vehicle_schedule_ng_dssr__bench_10_04.log,0,4200,1,2,0,6,-34.67492,2,2,23.596644,0,1,1414,7000,0.0,partitioning,vehicle_schedule,2800,8,2800,1,0,0.003286,ng_dssr,8908,175.511947,2,2,0.015823,1126,4200,-11.560793,14,False,186674,125577,98161,222,7.813521,/home/kai/work/gnn_bb/branchpricecut/results/benchmark/20260513_224021_benchmark_10_20_30/solutions/vehicle_schedule_ng_dssr/solution_bench_10_04.json,10,2800,-0.0
20260513_224021_benchmark_10_20_30,vehicle_schedule_ng_dssr__bench_10_05,vehicle_schedule_ng_dssr,branchpricecut,bench_10_05,10,5,20261605,True,,OPTIMAL,170.415006,170.415006,0.0,298.796772,1,21,5,5897229,6224637,0,0,0,0,126.9293,126.9293,5,298.86848,,,,,,0,0.0,0,0,5,438,1168,,bench_10_05,,/home/kai/work/gnn_bb/branchpricecut/results/benchmark/20260513_224021_benchmark_10_20_30/logs/vehicle_schedule_ng_dssr/bench_10_05.jsonl,0,0,170.415006,,,10,1,170.415006,0,0,0,0,0,298.784805,0,0,6224637,5897229,/home/kai/work/gnn_bb/branchpricecut/results/benchmark/20260513_224021_benchmark_10_20_30/logs/vehicle_schedule_ng_dssr/bench_10_05.jsonl,/home/kai/work/gnn_bb/branchpricecut/results/benchmark/20260513_224021_benchmark_10_20_30/solutions/vehicle_schedule_ng_dssr/solution_bench_10_05.json,/home/kai/work/gnn_bb/branchpricecut/results/benchmark/20260513_224021_benchmark_10_20_30/terminal/vehicle_schedule_ng_dssr__bench_10_05.log,0,5100,1,7,5,26,-86.315714,5,5,277.608632,0,3,2247,8500,0.0,partitioning,vehicle_schedule,3400,8,3400,1,0,0.00872,ng_dssr,18683,170.415006,6,6,0.058335,1168,5100,-25.516718,17,False,394074,240109,227871,234,13.716238,/home/kai/work/gnn_bb/branchpricecut/results/benchmark/20260513_224021_benchmark_10_20_30/solutions/vehicle_schedule_ng_dssr/solution_bench_10_05.json,10,3400,-0.0
20260513_224021_benchmark_10_20_30,vehicle_schedule_ng_dssr__bench_10_06,vehicle_schedule_ng_dssr,branchpricecut,bench_10_06,10,6,20261606,True,,PRICING_LIMIT,178.319126,,,42.59481,1,16,2,839076,874215,0,0,0,0,29.839046,29.839046,2,42.66173,,,,,,0,0.0,0,0,2,386,1155,,bench_10_06,,/home/kai/work/gnn_bb/branchpricecut/results/benchmark/20260513_224021_benchmark_10_20_30/logs/vehicle_schedule_ng_dssr/bench_10_06.jsonl,0,0,,,,10,1,178.319126,0,0,0,0,0,42.579975,0,0,874215,839076,/home/kai/work/gnn_bb/branchpricecut/results/benchmark/20260513_224021_benchmark_10_20_30/logs/vehicle_schedule_ng_dssr/bench_10_06.jsonl,/home/kai/work/gnn_bb/branchpricecut/results/benchmark/20260513_224021_benchmark_10_20_30/solutions/vehicle_schedule_ng_dssr/solution_bench_10_06.json,/home/kai/work/gnn_bb/branchpricecut/results/benchmark/20260513_224021_benchmark_10_20_30/terminal/vehicle_schedule_ng_dssr__bench_10_06.log,0,3600,0,2,0,9,-23.90347,2,2,36.227019,0,2,1247,6000,4.502903,partitioning,vehicle_schedule,2400,8,2400,1,0,0.003098,,9091,178.319126,2,2,0.016345,1155,3600,-19.353874,12,False,87130,60918,40495,224,2.817965,/home/kai/work/gnn_bb/branchpricecut/results/benchmark/20260513_224021_benchmark_10_20_30/solutions/vehicle_schedule_ng_dssr/solution_bench_10_06.json,10,2400,-0.0
20260513_224021_benchmark_10_20_30,vehicle_schedule_ng_dssr__bench_10_07,vehicle_schedule_ng_dssr,branchpricecut,bench_10_07,10,7,20261607,True,,OPTIMAL,168.880473,168.880473,0.0,91.189231,1,18,3,1847023,1928619,0,0,0,0,43.785934,43.785934,3,91.258634,,,,,,0,0.0,0,0,3,455,1144,,bench_10_07,,/home/kai/work/gnn_bb/branchpricecut/results/benchmark/20260513_224021_benchmark_10_20_30/logs/vehicle_schedule_ng_dssr/bench_10_07.jsonl,0,0,168.880473,,,10,1,168.880473,0,0,0,0,0,91.178169,0,0,1928619,1847023,/home/kai/work/gnn_bb/branchpricecut/results/benchmark/20260513_224021_benchmark_10_20_30/logs/vehicle_schedule_ng_dssr/bench_10_07.jsonl,/home/kai/work/gnn_bb/branchpricecut/results/benchmark/20260513_224021_benchmark_10_20_30/solutions/vehicle_schedule_ng_dssr/solution_bench_10_07.json,/home/kai/work/gnn_bb/branchpricecut/results/benchmark/20260513_224021_benchmark_10_20_30/terminal/vehicle_schedule_ng_dssr__bench_10_07.log,0,4500,1,4,4,13,-55.755464,3,3,81.777041,0,2,1550,7500,0.0,partitioning,vehicle_schedule,3000,8,3000,1,0,0.005937,ng_dssr,16487,168.880473,3,3,0.029511,1144,4500,-26.27717,15,False,107031,97341,35777,255,3.36037,/home/kai/work/gnn_bb/branchpricecut/results/benchmark/20260513_224021_benchmark_10_20_30/solutions/vehicle_schedule_ng_dssr/solution_bench_10_07.json,10,3000,-0.0
20260513_224021_benchmark_10_20_30,vehicle_schedule_ng_dssr__bench_10_08,vehicle_schedule_ng_dssr,branchpricecut,bench_10_08,10,8,20261608,True,,PRICING_LIMIT,185.121476,,,32.825769,1,14,1,286051,293768,0,0,0,0,32.820498,32.820498,1,32.888309,,,,,,0,0.0,0,0,1,279,1146,,bench_10_08,,/home/kai/work/gnn_bb/branchpricecut/results/benchmark/20260513_224021_benchmark_10_20_30/logs/vehicle_schedule_ng_dssr/bench_10_08.jsonl,0,0,,,,10,1,185.121476,0,0,0,0,0,32.813248,0,0,293768,286051,/home/kai/work/gnn_bb/branchpricecut/results/benchmark/20260513_224021_benchmark_10_20_30/logs/vehicle_schedule_ng_dssr/bench_10_08.jsonl,/home/kai/work/gnn_bb/branchpricecut/results/benchmark/20260513_224021_benchmark_10_20_30/solutions/vehicle_schedule_ng_dssr/solution_bench_10_08.json,/home/kai/work/gnn_bb/branchpricecut/results/benchmark/20260513_224021_benchmark_10_20_30/terminal/vehicle_schedule_ng_dssr__bench_10_08.log,0,3300,0,1,0,8,-114.57976,1,1,12.984493,0,1,879,5500,9.751467,partitioning,vehicle_schedule,2200,8,2200,1,0,0.002233,,2342,185.121476,1,1,0.006787,1146,3300,-13.357263,11,False,257883,94073,185481,179,16.042348,/home/kai/work/gnn_bb/branchpricecut/results/benchmark/20260513_224021_benchmark_10_20_30/solutions/vehicle_schedule_ng_dssr/solution_bench_10_08.json,10,2200,-0.0
20260513_224021_benchmark_10_20_30,vehicle_schedule_ng_dssr__bench_10_09,vehicle_schedule_ng_dssr,branchpricecut,bench_10_09,10,9,20261609,True,,OPTIMAL,176.243615,176.243615,0.0,55.143274,1,18,3,926924,1017376,0,0,0,0,24.907979,24.907979,3,55.211282,,,,,,0,0.0,0,0,3,373,1135,,bench_10_09,,/home/kai/work/gnn_bb/branchpricecut/results/benchmark/20260513_224021_benchmark_10_20_30/logs/vehicle_schedule_ng_dssr/bench_10_09.jsonl,0,0,176.243615,,,10,1,176.243615,0,0,0,0,0,55.131807,0,0,1017376,926924,/home/kai/work/gnn_bb/branchpricecut/results/benchmark/20260513_224021_benchmark_10_20_30/logs/vehicle_schedule_ng_dssr/bench_10_09.jsonl,/home/kai/work/gnn_bb/branchpricecut/results/benchmark/20260513_224021_benchmark_10_20_30/solutions/vehicle_schedule_ng_dssr/solution_bench_10_09.json,/home/kai/work/gnn_bb/branchpricecut/results/benchmark/20260513_224021_benchmark_10_20_30/terminal/vehicle_schedule_ng_dssr__bench_10_09.log,0,4500,1,4,4,12,-28.153089,3,3,43.214017,0,2,1529,7500,0.0,partitioning,vehicle_schedule,3000,8,3000,1,0,0.004532,ng_dssr,14191,176.243615,3,3,0.027842,1135,4500,-14.301243,15,False,210054,152174,109456,241,7.716992,/home/kai/work/gnn_bb/branchpricecut/results/benchmark/20260513_224021_benchmark_10_20_30/solutions/vehicle_schedule_ng_dssr/solution_bench_10_09.json,10,3000,-0.0
20260513_224021_benchmark_10_20_30,vehicle_schedule_ng_dssr__bench_10_10,vehicle_schedule_ng_dssr,branchpricecut,bench_10_10,10,10,20261610,True,,OPTIMAL,168.790059,168.790059,0.0,97.191606,1,17,3,1729290,1838099,0,0,0,0,51.311878,51.311878,3,97.258805,,,,,,0,0.0,0,0,3,387,1135,,bench_10_10,,/home/kai/work/gnn_bb/branchpricecut/results/benchmark/20260513_224021_benchmark_10_20_30/logs/vehicle_schedule_ng_dssr/bench_10_10.jsonl,0,0,168.790059,,,10,1,168.790059,0,0,0,0,0,97.182342,0,0,1838099,1729290,/home/kai/work/gnn_bb/branchpricecut/results/benchmark/20260513_224021_benchmark_10_20_30/logs/vehicle_schedule_ng_dssr/bench_10_10.jsonl,/home/kai/work/gnn_bb/branchpricecut/results/benchmark/20260513_224021_benchmark_10_20_30/solutions/vehicle_schedule_ng_dssr/solution_bench_10_10.json,/home/kai/work/gnn_bb/branchpricecut/results/benchmark/20260513_224021_benchmark_10_20_30/terminal/vehicle_schedule_ng_dssr__bench_10_10.log,0,4200,1,4,4,18,-24.641616,3,3,82.878088,0,2,1355,7000,0.0,partitioning,vehicle_schedule,2800,8,2800,1,0,0.009465,ng_dssr,18105,168.790059,3,3,0.025112,1135,4200,-8.764391,14,False,233587,100245,161995,225,8.902934,/home/kai/work/gnn_bb/branchpricecut/results/benchmark/20260513_224021_benchmark_10_20_30/solutions/vehicle_schedule_ng_dssr/solution_bench_10_10.json,10,2800,-0.0
20260513_224021_benchmark_10_20_30,vehicle_schedule_ng_dssr__bench_20_01,vehicle_schedule_ng_dssr,branchpricecut,bench_20_01,20,1,20262601,True,,TIME_LIMIT,237.719944,,,3600.82242,1,97,2,28666879,31261142,0,0,0,0,26.576664,3456.399214,2,3601.009221,,,,,,0,0.0,0,0,2,1980,1444,,bench_20_01,,/home/kai/work/gnn_bb/branchpricecut/results/benchmark/20260513_224021_benchmark_10_20_30/logs/vehicle_schedule_ng_dssr/bench_20_01.jsonl,0,0,,,,20,2,237.719944,0,0,0,0,0,3600.821783,0,0,31261142,28666879,/home/kai/work/gnn_bb/branchpricecut/results/benchmark/20260513_224021_benchmark_10_20_30/logs/vehicle_schedule_ng_dssr/bench_20_01.jsonl,/home/kai/work/gnn_bb/branchpricecut/results/benchmark/20260513_224021_benchmark_10_20_30/solutions/vehicle_schedule_ng_dssr/solution_bench_20_01.json,/home/kai/work/gnn_bb/branchpricecut/results/benchmark/20260513_224021_benchmark_10_20_30/terminal/vehicle_schedule_ng_dssr__bench_20_01.log,0,28200,0,2,0,36,-108.502734,2,0,3495.973199,0,2,25013,47000,0.0,partitioning,vehicle_schedule,18800,8,37600,1,0,0.188455,,541416,237.719944,8,7,6.967653,1444,21831,-64.509222,94,False,414785,444822,55643,1880,32.164611,/home/kai/work/gnn_bb/branchpricecut/results/benchmark/20260513_224021_benchmark_10_20_30/solutions/vehicle_schedule_ng_dssr/solution_bench_20_01.json,20,18800,-0.0
20260513_224021_benchmark_10_20_30,vehicle_schedule_ng_dssr__bench_20_02,vehicle_schedule_ng_dssr,branchpricecut,bench_20_02,20,2,20262602,True,,PRICING_LIMIT,364.21758,,,2015.810538,1,90,1,19015201,19114193,0,0,0,0,36.023046,71.897289,1,2015.961987,,,,,,0,0.0,0,0,1,1760,1487,,bench_20_02,,/home/kai/work/gnn_bb/branchpricecut/results/benchmark/20260513_224021_benchmark_10_20_30/logs/vehicle_schedule_ng_dssr/bench_20_02.jsonl,0,0,,,,20,2,364.21758,0,0,0,0,0,2015.810514,0,0,19114193,19015201,/home/kai/work/gnn_bb/branchpricecut/results/benchmark/20260513_224021_benchmark_10_20_30/logs/vehicle_schedule_ng_dssr/bench_20_02.jsonl,/home/kai/work/gnn_bb/branchpricecut/results/benchmark/20260513_224021_benchmark_10_20_30/solutions/vehicle_schedule_ng_dssr/solution_bench_20_02.json,/home/kai/work/gnn_bb/branchpricecut/results/benchmark/20260513_224021_benchmark_10_20_30/terminal/vehicle_schedule_ng_dssr__bench_20_02.log,0,26400,0,1,0,16,-125.62861,1,0,1938.319007,0,1,23735,44000,0.0,partitioning,vehicle_schedule,17600,8,35200,1,0,0.130545,,6476,364.21758,6,4,7.273512,1487,20903,-108.43593,88,False,192546,175004,30632,1760,11.013941,/home/kai/work/gnn_bb/branchpricecut/results/benchmark/20260513_224021_benchmark_10_20_30/solutions/vehicle_schedule_ng_dssr/solution_bench_20_02.json,20,17600,-0.0
20260513_224021_benchmark_10_20_30,vehicle_schedule_ng_dssr__bench_20_03,vehicle_schedule_ng_dssr,branchpricecut,bench_20_03,20,3,20262603,True,,TIME_LIMIT,254.243843,,,3601.566829,1,132,2,33700348,33908753,0,0,0,0,47.808606,3091.143722,2,3601.788728,,,,,,0,0.0,0,0,2,2680,1536,,bench_20_03,,/home/kai/work/gnn_bb/branchpricecut/results/benchmark/20260513_224021_benchmark_10_20_30/logs/vehicle_schedule_ng_dssr/bench_20_03.jsonl,0,0,,,,20,2,254.243843,0,0,0,0,0,3601.566687,0,0,33908753,33700348,/home/kai/work/gnn_bb/branchpricecut/results/benchmark/20260513_224021_benchmark_10_20_30/logs/vehicle_schedule_ng_dssr/bench_20_03.jsonl,/home/kai/work/gnn_bb/branchpricecut/results/benchmark/20260513_224021_benchmark_10_20_30/solutions/vehicle_schedule_ng_dssr/solution_bench_20_03.json,/home/kai/work/gnn_bb/branchpricecut/results/benchmark/20260513_224021_benchmark_10_20_30/terminal/vehicle_schedule_ng_dssr__bench_20_03.log,0,38700,0,2,0,32,-67.951589,2,0,3444.996192,0,2,35733,64500,0.0,partitioning,vehicle_schedule,25800,8,51600,1,0,0.340247,,13933,254.243843,11,8,14.415227,1536,30985,-63.445173,129,False,703817,765422,106065,2580,53.594469,/home/kai/work/gnn_bb/branchpricecut/results/benchmark/20260513_224021_benchmark_10_20_30/solutions/vehicle_schedule_ng_dssr/solution_bench_20_03.json,20,25800,-0.0
20260513_224021_benchmark_10_20_30,vehicle_schedule_ng_dssr__bench_20_04,vehicle_schedule_ng_dssr,branchpricecut,bench_20_04,20,4,20262604,True,,PRICING_LIMIT,365.465696,,,2386.813786,1,131,1,22315533,22438784,0,0,0,0,60.396675,2379.824426,1,2387.074839,,,,,,0,0.0,0,0,1,2660,1519,,bench_20_04,,/home/kai/work/gnn_bb/branchpricecut/results/benchmark/20260513_224021_benchmark_10_20_30/logs/vehicle_schedule_ng_dssr/bench_20_04.jsonl,0,0,,,,20,2,365.465696,0,0,0,0,0,2338.392138,0,0,22438784,22315533,/home/kai/work/gnn_bb/branchpricecut/results/benchmark/20260513_224021_benchmark_10_20_30/logs/vehicle_schedule_ng_dssr/bench_20_04.jsonl,/home/kai/work/gnn_bb/branchpricecut/results/benchmark/20260513_224021_benchmark_10_20_30/solutions/vehicle_schedule_ng_dssr/solution_bench_20_04.json,/home/kai/work/gnn_bb/branchpricecut/results/benchmark/20260513_224021_benchmark_10_20_30/terminal/vehicle_schedule_ng_dssr__bench_20_04.log,0,38400,0,1,0,17,-93.747651,1,0,2262.923153,0,1,36000,64000,33.1425388507,partitioning,vehicle_schedule,25600,8,51200,1,0,0.327238,,5906,365.465696,10,6,22.77748,1519,31247,-50.869067,128,False,210054,162809,34193,2560,9.371516,/home/kai/work/gnn_bb/branchpricecut/results/benchmark/20260513_224021_benchmark_10_20_30/solutions/vehicle_schedule_ng_dssr/solution_bench_20_04.json,20,25600,-0.0
20260513_224021_benchmark_10_20_30,vehicle_schedule_ng_dssr__bench_20_05,vehicle_schedule_ng_dssr,branchpricecut,bench_20_05,20,5,20262605,True,,TIME_LIMIT,378.254797,,,3605.545068,1,87,1,33056454,33256022,0,0,0,0,61.19712,61.19712,1,3605.778899,,,,,,0,0.0,0,0,1,1800,1530,,bench_20_05,,/home/kai/work/gnn_bb/branchpricecut/results/benchmark/20260513_224021_benchmark_10_20_30/logs/vehicle_schedule_ng_dssr/bench_20_05.jsonl,0,0,,,,20,2,378.254797,0,0,0,0,0,3605.540636,0,0,33256022,33056454,/home/kai/work/gnn_bb/branchpricecut/results/benchmark/20260513_224021_benchmark_10_20_30/logs/vehicle_schedule_ng_dssr/bench_20_05.jsonl,/home/kai/work/gnn_bb/branchpricecut/results/benchmark/20260513_224021_benchmark_10_20_30/solutions/vehicle_schedule_ng_dssr/solution_bench_20_05.json,/home/kai/work/gnn_bb/branchpricecut/results/benchmark/20260513_224021_benchmark_10_20_30/terminal/vehicle_schedule_ng_dssr__bench_20_05.log,0,25500,0,1,0,19,-103.133642,1,0,3540.208657,0,1,23046,42500,0.0,partitioning,vehicle_schedule,17000,8,34000,1,0,0.128411,,5576,378.254797,5,1,1.743143,1530,20770,-60.91018,85,False,117935,88227,19559,1700,3.739385,/home/kai/work/gnn_bb/branchpricecut/results/benchmark/20260513_224021_benchmark_10_20_30/solutions/vehicle_schedule_ng_dssr/solution_bench_20_05.json,20,17000,-0.0
20260513_224021_benchmark_10_20_30,vehicle_schedule_ng_dssr__bench_20_06,vehicle_schedule_ng_dssr,branchpricecut,bench_20_06,20,6,20262606,True,,TIME_LIMIT,,,,3603.480103,1,73,2,32507676,32594907,0,0,0,0,,,2,3603.634365,,,,,,0,0.0,0,0,2,1500,1423,,bench_20_06,,/home/kai/work/gnn_bb/branchpricecut/results/benchmark/20260513_224021_benchmark_10_20_30/logs/vehicle_schedule_ng_dssr/bench_20_06.jsonl,0,0,,,,20,2,,0,0,0,0,0,3603.480067,0,0,32594907,32507676,/home/kai/work/gnn_bb/branchpricecut/results/benchmark/20260513_224021_benchmark_10_20_30/logs/vehicle_schedule_ng_dssr/bench_20_06.jsonl,/home/kai/work/gnn_bb/branchpricecut/results/benchmark/20260513_224021_benchmark_10_20_30/solutions/vehicle_schedule_ng_dssr/solution_bench_20_06.json,/home/kai/work/gnn_bb/branchpricecut/results/benchmark/20260513_224021_benchmark_10_20_30/terminal/vehicle_schedule_ng_dssr__bench_20_06.log,0,21000,0,2,0,35,-185.144679,2,0,3549.467789,0,2,16332,35000,0.0,partitioning,vehicle_schedule,14000,8,28000,1,0,0.092614,,5374,,6,0,2.418257,1423,16664,-71.297198,70,False,95640,66702,16863,1400,3.127223,/home/kai/work/gnn_bb/branchpricecut/results/benchmark/20260513_224021_benchmark_10_20_30/solutions/vehicle_schedule_ng_dssr/solution_bench_20_06.json,20,14000,-0.0
20260513_224021_benchmark_10_20_30,vehicle_schedule_ng_dssr__bench_20_07,vehicle_schedule_ng_dssr,branchpricecut,bench_20_07,20,7,20262607,True,,TIME_LIMIT,380.606138,,,3603.751014,1,62,1,30409070,30445665,0,0,0,0,25.271053,25.271053,1,3603.895435,,,,,,0,0.0,0,0,1,1300,1446,,bench_20_07,,/home/kai/work/gnn_bb/branchpricecut/results/benchmark/20260513_224021_benchmark_10_20_30/logs/vehicle_schedule_ng_dssr/bench_20_07.jsonl,0,0,,,,20,2,380.606138,0,0,0,0,0,3603.748922,0,0,30445665,30409070,/home/kai/work/gnn_bb/branchpricecut/results/benchmark/20260513_224021_benchmark_10_20_30/logs/vehicle_schedule_ng_dssr/bench_20_07.jsonl,/home/kai/work/gnn_bb/branchpricecut/results/benchmark/20260513_224021_benchmark_10_20_30/solutions/vehicle_schedule_ng_dssr/solution_bench_20_07.json,/home/kai/work/gnn_bb/branchpricecut/results/benchmark/20260513_224021_benchmark_10_20_30/terminal/vehicle_schedule_ng_dssr__bench_20_07.log,0,18000,0,1,0,19,-140.338249,1,0,3560.302714,0,1,12820,30000,0.0,partitioning,vehicle_schedule,12000,8,24000,1,0,0.062401,,1875,380.606138,4,3,0.715623,1446,14331,-202.153652,60,False,78059,56257,14037,1200,2.069386,/home/kai/work/gnn_bb/branchpricecut/results/benchmark/20260513_224021_benchmark_10_20_30/solutions/vehicle_schedule_ng_dssr/solution_bench_20_07.json,20,12000,-0.0
20260513_224021_benchmark_10_20_30,vehicle_schedule_ng_dssr__bench_20_08,vehicle_schedule_ng_dssr,branchpricecut,bench_20_08,20,8,20262608,True,,TIME_LIMIT,346.972711,,,3601.402006,1,94,2,34040963,34641735,0,0,0,0,34.726717,3462.77041,2,3601.572372,,,,,,0,0.0,0,0,2,1921,1474,,bench_20_08,,/home/kai/work/gnn_bb/branchpricecut/results/benchmark/20260513_224021_benchmark_10_20_30/logs/vehicle_schedule_ng_dssr/bench_20_08.jsonl,0,0,,,,20,2,346.972711,0,0,0,0,0,3601.398717,0,0,34641735,34040963,/home/kai/work/gnn_bb/branchpricecut/results/benchmark/20260513_224021_benchmark_10_20_30/logs/vehicle_schedule_ng_dssr/bench_20_08.jsonl,/home/kai/work/gnn_bb/branchpricecut/results/benchmark/20260513_224021_benchmark_10_20_30/solutions/vehicle_schedule_ng_dssr/solution_bench_20_08.json,/home/kai/work/gnn_bb/branchpricecut/results/benchmark/20260513_224021_benchmark_10_20_30/terminal/vehicle_schedule_ng_dssr__bench_20_08.log,0,27300,0,2,0,36,-142.38156,2,0,3514.231347,0,2,24616,45500,0.0,partitioning,vehicle_schedule,18200,8,36400,1,0,0.167675,,260374,346.972711,8,5,9.286918,1474,22015,-63.190526,91,False,272669,283573,39887,1820,14.508187,/home/kai/work/gnn_bb/branchpricecut/results/benchmark/20260513_224021_benchmark_10_20_30/solutions/vehicle_schedule_ng_dssr/solution_bench_20_08.json,20,18200,-0.0
20260513_224021_benchmark_10_20_30,vehicle_schedule_ng_dssr__bench_20_09,vehicle_schedule_ng_dssr,branchpricecut,bench_20_09,20,9,20262609,True,,PRICING_LIMIT,388.908749,,,1764.459263,1,66,1,18899139,18913403,0,0,0,0,35.91837,35.91837,1,1764.591455,,,,,,0,0.0,0,0,1,1360,1429,,bench_20_09,,/home/kai/work/gnn_bb/branchpricecut/results/benchmark/20260513_224021_benchmark_10_20_30/logs/vehicle_schedule_ng_dssr/bench_20_09.jsonl,0,0,,,,20,2,388.908749,0,0,0,0,0,1763.146155,0,0,18913403,18899139,/home/kai/work/gnn_bb/branchpricecut/results/benchmark/20260513_224021_benchmark_10_20_30/logs/vehicle_schedule_ng_dssr/bench_20_09.jsonl,/home/kai/work/gnn_bb/branchpricecut/results/benchmark/20260513_224021_benchmark_10_20_30/solutions/vehicle_schedule_ng_dssr/solution_bench_20_09.json,/home/kai/work/gnn_bb/branchpricecut/results/benchmark/20260513_224021_benchmark_10_20_30/terminal/vehicle_schedule_ng_dssr__bench_20_09.log,0,18900,0,1,0,20,-117.223825,1,0,1716.707394,0,1,15371,31500,0.1671888209,partitioning,vehicle_schedule,12600,8,25200,1,0,0.06558,,808,388.908749,5,3,1.540675,1429,15323,-104.602674,63,False,96582,78289,14301,1260,3.848117,/home/kai/work/gnn_bb/branchpricecut/results/benchmark/20260513_224021_benchmark_10_20_30/solutions/vehicle_schedule_ng_dssr/solution_bench_20_09.json,20,12600,-0.0
20260513_224021_benchmark_10_20_30,vehicle_schedule_ng_dssr__bench_20_10,vehicle_schedule_ng_dssr,branchpricecut,bench_20_10,20,10,20262610,True,,TIME_LIMIT,256.10678,,,3603.324285,1,101,2,31567842,32193570,0,0,0,0,35.543444,2626.038446,2,3603.506808,,,,,,0,0.0,0,0,2,2060,1498,,bench_20_10,,/home/kai/work/gnn_bb/branchpricecut/results/benchmark/20260513_224021_benchmark_10_20_30/logs/vehicle_schedule_ng_dssr/bench_20_10.jsonl,0,0,,,,20,2,256.10678,0,0,0,0,0,3603.324071,0,0,32193570,31567842,/home/kai/work/gnn_bb/branchpricecut/results/benchmark/20260513_224021_benchmark_10_20_30/logs/vehicle_schedule_ng_dssr/bench_20_10.jsonl,/home/kai/work/gnn_bb/branchpricecut/results/benchmark/20260513_224021_benchmark_10_20_30/solutions/vehicle_schedule_ng_dssr/solution_bench_20_10.json,/home/kai/work/gnn_bb/branchpricecut/results/benchmark/20260513_224021_benchmark_10_20_30/terminal/vehicle_schedule_ng_dssr__bench_20_10.log,0,29400,0,2,0,37,-111.080713,2,0,3499.774369,0,2,26360,49000,0.0,partitioning,vehicle_schedule,19600,8,39200,1,0,0.210415,,42158,256.10678,8,6,4.570329,1498,23407,-61.143207,98,False,462330,483242,70477,1960,31.065291,/home/kai/work/gnn_bb/branchpricecut/results/benchmark/20260513_224021_benchmark_10_20_30/solutions/vehicle_schedule_ng_dssr/solution_bench_20_10.json,20,19600,-0.0
20260513_224021_benchmark_10_20_30,vehicle_schedule_ng_dssr__bench_30_01,vehicle_schedule_ng_dssr,branchpricecut,bench_30_01,30,1,20263601,True,,PRICING_LIMIT,,,,2402.128996,1,377,1,14102666,14278790,0,0,0,0,,,1,2402.674034,,,,,,0,0.0,0,0,1,7418,1618,,bench_30_01,,/home/kai/work/gnn_bb/branchpricecut/results/benchmark/20260513_224021_benchmark_10_20_30/logs/vehicle_schedule_ng_dssr/bench_30_01.jsonl,0,0,,,,30,3,,0,0,0,0,0,2402.128901,0,0,14278790,14102666,/home/kai/work/gnn_bb/branchpricecut/results/benchmark/20260513_224021_benchmark_10_20_30/logs/vehicle_schedule_ng_dssr/bench_30_01.jsonl,/home/kai/work/gnn_bb/branchpricecut/results/benchmark/20260513_224021_benchmark_10_20_30/solutions/vehicle_schedule_ng_dssr/solution_bench_30_01.json,/home/kai/work/gnn_bb/branchpricecut/results/benchmark/20260513_224021_benchmark_10_20_30/terminal/vehicle_schedule_ng_dssr__bench_30_01.log,0,112800,0,1,0,17,-13.257694,1,0,1587.070179,0,0,110400,188000,0.0,partitioning,vehicle_schedule,75200,8,225600,1,0,2.948157,,53171,,30,0,126.508776,1618,96507,-70.951589,376,False,5120339,7817834,238870,7418,327.029025,/home/kai/work/gnn_bb/branchpricecut/results/benchmark/20260513_224021_benchmark_10_20_30/solutions/vehicle_schedule_ng_dssr/solution_bench_30_01.json,30,75200,-0.0
20260513_224021_benchmark_10_20_30,vehicle_schedule_ng_dssr__bench_30_02,vehicle_schedule_ng_dssr,branchpricecut,bench_30_02,30,2,20263602,True,,TIME_LIMIT,,,,3604.623032,1,272,1,25726337,26314400,0,0,0,0,,,1,3605.016706,,,,,,0,0.0,0,0,1,5400,1748,,bench_30_02,,/home/kai/work/gnn_bb/branchpricecut/results/benchmark/20260513_224021_benchmark_10_20_30/logs/vehicle_schedule_ng_dssr/bench_30_02.jsonl,0,0,,,,30,3,,0,0,0,0,0,3604.622995,0,0,26314400,25726337,/home/kai/work/gnn_bb/branchpricecut/results/benchmark/20260513_224021_benchmark_10_20_30/logs/vehicle_schedule_ng_dssr/bench_30_02.jsonl,/home/kai/work/gnn_bb/branchpricecut/results/benchmark/20260513_224021_benchmark_10_20_30/solutions/vehicle_schedule_ng_dssr/solution_bench_30_02.json,/home/kai/work/gnn_bb/branchpricecut/results/benchmark/20260513_224021_benchmark_10_20_30/terminal/vehicle_schedule_ng_dssr__bench_30_02.log,0,81000,0,1,0,21,-64.839064,1,0,3187.418542,0,1,78600,135000,0.0,partitioning,vehicle_schedule,54000,8,162000,1,0,1.44786,,150673,,22,0,88.272699,1748,69764,-72.389477,270,False,1461473,1907664,86955,5400,86.123151,/home/kai/work/gnn_bb/branchpricecut/results/benchmark/20260513_224021_benchmark_10_20_30/solutions/vehicle_schedule_ng_dssr/solution_bench_30_02.json,22,54000,-0.0
20260513_224021_benchmark_10_20_30,vehicle_schedule_ng_dssr__bench_30_03,vehicle_schedule_ng_dssr,branchpricecut,bench_30_03,30,3,20263603,True,,TIME_LIMIT,601.964765,,,3605.179433,1,364,1,21654107,21969599,0,0,0,0,495.277867,495.277867,1,3605.874037,,,,,,0,0.0,0,0,1,7313,1649,,bench_30_03,,/home/kai/work/gnn_bb/branchpricecut/results/benchmark/20260513_224021_benchmark_10_20_30/logs/vehicle_schedule_ng_dssr/bench_30_03.jsonl,0,0,,,,30,3,601.964765,0,0,0,0,0,3605.17206,0,0,21969599,21654107,/home/kai/work/gnn_bb/branchpricecut/results/benchmark/20260513_224021_benchmark_10_20_30/logs/vehicle_schedule_ng_dssr/bench_30_03.jsonl,/home/kai/work/gnn_bb/branchpricecut/results/benchmark/20260513_224021_benchmark_10_20_30/solutions/vehicle_schedule_ng_dssr/solution_bench_30_03.json,/home/kai/work/gnn_bb/branchpricecut/results/benchmark/20260513_224021_benchmark_10_20_30/terminal/vehicle_schedule_ng_dssr__bench_30_03.log,0,108900,0,1,0,23,-23.549602,1,0,2660.052806,0,0,106500,181500,0.0,partitioning,vehicle_schedule,72600,8,217800,1,0,2.630911,,79286,601.964765,29,1,122.354662,1649,94000,-129.55012,363,False,7049898,11020197,311221,7213,474.18127,/home/kai/work/gnn_bb/branchpricecut/results/benchmark/20260513_224021_benchmark_10_20_30/solutions/vehicle_schedule_ng_dssr/solution_bench_30_03.json,30,72600,-0.0
